STATES,LATITUDE,LONGTITUDE,WATER INFRASTRUCTURE POINTS,PUMP TYPE,WATER TURBIDITY,pH LEVEL,CHLORINE LEVEL,CONTAMINATION,HEALTH RISK LEVEL,DISPLAY TYPE,SCARCITY,FLOW_RATE
Adamawa,9.289875429,12.42396892,Borehole,Motorized,14.9,7.54,0.58,0.52,High,GOODWATER,TRUE,https://docs.google.com/spreadsheets/d/1cHBYoFcEQjNX2nPYZXOpZV35uI0AuEfv/edit?gid=903116877#gid=903116877
Adamawa,9.289812322,12.4175755,Borehole,Motorized,4.1,6.6,0.85,0.35,Moderate,GROUNDWATER POTENTIAL,FALSE,https://docs.google.com/spreadsheets/d/1PE45kvXPZlbFnjIGSyJuQQUj1PTrAM6H/edit?gid=1031252577#gid=1031252577
Adamawa,9.287642119,12.40932911,Borehole,Hand pump,4.3,8.28,0.82,0.49,Moderate,WATERCONTAMINATION,FALSE,https://docs.google.com/spreadsheets/d/1TUwP8l-I8CcueouXMc8SmDuLv3-adYu0/edit?gid=1023980239#gid=1023980239
Bauchi,10.62595789,9.942856402,Borehole,Hand pump,6.1,7.34,0.65,0.33,Moderate,WATERSCARCITY,TRUE,https://docs.google.com/spreadsheets/d/1H1h_d204j4P7qCezC-oYtbQOIGL9d5hj/edit?rtpof=true&gid=1155724001#gid=1155724001
Bauchi,11.4504,7.2047,Borehole,Motorized,5.3,7.46,0.65,0.19,Low,GOODWATER,FALSE,https://docs.google.com/spreadsheets/d/1SAoaKQf-hY7hCQO-q2DNC24lt_p-bdiW/edit?rtpof=true
Bauchi,10.68077116,10.075329,Borehole,Motorized,4.3,7.7,0.29,0.15,Low,WATERSCARCITY,FALSE,https://docs.google.com/spreadsheets/d/1vLNEqpPle5W55VrFmWvVo9tuqZzlySVV/edit?rtpof=true&gid=110042507#gid=110042507
Bauchi,10.8815691,10.05883988,Borehole,Motorized,8.4,6.59,0.95,0.36,Moderate,WATERSCARCITY,FALSE,https://docs.google.com/spreadsheets/d/1ZWTNxdX0po98qUrQA1NNIvRdFt38Ze2r/edit?usp=drive_web&ouid=115760380907630335615&rtpof=true
Bauchi,10.95487203,10.09257246,Borehole,Motorized,13.9,8.01,0.29,0.47,High,WATERCONTAMINATION,FALSE,https://docs.google.com/spreadsheets/d/1ONiXXBO_uzz9a9jHfyyLH6M3mKIwAQtr/edit?usp=drive_web&ouid=115760380907630335615&rtpof=true
Bauchi,10.29066432,9.82943891,Borehole,Hand pump,14.2,8.15,0.34,0.56,High,WATERSCARCITY,TRUE,https://docs.google.com/spreadsheets/d/1RCdKMtBGCjx1VTTYWFHM0-O9LiYIlNpF/edit?usp=drive_web&ouid=115760380907630335615&rtpof=true
Borno,12.27832689,12.78873173,Borehole,Motorized,4.6,6.96,0.68,0.56,High,GROUNDWATER POTENTIAL,FALSE,https://docs.google.com/spreadsheets/d/1Pd_QZlUkafzzcoO4Eiripun6w5SX3IGI/edit?gid=126399866#gid=126399866
Borno,12.71437247,13.11939274,Borehole,Motorized,9,6.88,0.98,0.36,Moderate,WATERSCARCITY,FALSE,https://docs.google.com/spreadsheets/d/1xT26mUcPRJqNmZKyCcDhPXjfNBDob_Ec/edit?gid=207083229#gid=207083229
Borno,12.32739057,13.61667274,Borehole,Motorized,14.1,6.69,0.54,0.41,High,GROUNDWATER POTENTIAL,FALSE,https://docs.google.com/spreadsheets/d/16Y3se0tofzh3Ux04cDpDn9NzMTUQOarl/edit?usp=drive_web&ouid=115760380907630335615&rtpof=true
Borno,11.47681168,13.92819295,Borehole,Motorized,4,6.97,0.93,0.61,High,WATERCONTAMINATION,TRUE,https://docs.google.com/spreadsheets/d/1KEt7lFN3ZFw5aOE85CJeu_ZdGpdzUrwR/edit?usp=drive_web&ouid=115760380907630335615&rtpof=true
Borno,10.88878598,12.50347384,Borehole,Motorized,11.6,7.18,0.46,0.36,High,GOODWATER,TRUE,https://docs.google.com/spreadsheets/d/1YXNDYabbCXo6kBAZFG8wh1NynXa9xCFt/edit?usp=drive_web&ouid=115760380907630335615&rtpof=true
Borno,13.02887501,12.93000751,Borehole,Hand pump,9.6,6.94,0.27,0.2,Moderate,WATERCONTAMINATION,FALSE,https://docs.google.com/spreadsheets/d/1RPFMDITVmy7ckQmWyb1hSz6NepyNjCgB/edit?usp=drive_web&ouid=115760380907630335615&rtpof=true
Borno,11.61749045,13.44597566,Borehole,Motorized,10,7.34,0.61,0.32,Moderate,GROUNDWATER POTENTIAL,FALSE,https://docs.google.com/spreadsheets/d/1IzL71i7ra0cbJ1552Z-i5Z7cGj30BtLj/edit?usp=drive_web&ouid=115760380907630335615&rtpof=true
Gombe,10.2974767,11.15707665,Borehole,Motorized,6.6,7.01,0.27,0.25,Low,GROUNDWATER POTENTIAL,TRUE,https://docs.google.com/spreadsheets/d/1MyZxzisPVNAxveBduPfJjQ8YygVb4WjJ/edit?usp=drive_web&ouid=115760380907630335615&rtpof=true
Gombe,10.26639823,11.16016655,Borehole,Motorized,4.7,8.01,0.68,0.35,Moderate,WATERCONTAMINATION,TRUE,https://docs.google.com/spreadsheets/d/10qUtT876dT-LxA1z-82HN41W_Ya4nprG/edit?usp=drive_web&ouid=115760380907630335615&rtpof=true
Gombe,10.29270622,11.17001176,Borehole,Motorized,8.8,7.46,0.27,0.52,High,WATERCONTAMINATION,TRUE,https://docs.google.com/spreadsheets/d/1HCIOzihpsRuSmuZoeEuyBv17JIMweTxM/edit?usp=drive_web&ouid=115760380907630335615&rtpof=true
Gombe,10.28508835,11.15906329,Borehole,Motorized,8.5,7.43,0.4,0.38,Moderate,GROUNDWATER POTENTIAL,TRUE,https://docs.google.com/spreadsheets/d/1Bvu5B6sXI8MbClyZNXJ3hsJlF2Txz7oq/edit?usp=drive_web&ouid=115760380907630335615&rtpof=true
Gombe,10.28874475,11.1724142,Borehole,Motorized,12.8,7.5,0.95,0.19,High,WATERCONTAMINATION,TRUE,https://docs.google.com/spreadsheets/d/17WMtgZAPTax_k7wxV6iDTK9Ix_nGV22M/edit?usp=drive_web&ouid=115760380907630335615&rtpof=true
Taraba,7.963066564,9.855065489,Borehole,Hand pump,14.4,7.23,0.97,0.5,High,WATERCONTAMINATION,TRUE,https://docs.google.com/spreadsheets/d/1UvT4-rkC5rOhapmmz-y4BkQe6QjnZ1Cl/edit?usp=drive_web&ouid=115760380907630335615&rtpof=true
Taraba,7.667175666,10.90491908,Borehole,Motorized,12.2,7.95,0.68,0.43,High,GOODWATER,FALSE,https://docs.google.com/spreadsheets/d/1Iha3W2segstVY1q8kBduax4VNUeuHis8/edit?usp=drive_web&ouid=115760380907630335615&rtpof=true
Taraba,7.579713612,11.24883664,Borehole,Hand pump,7.1,8.14,0.9,0.17,Moderate,WATERCONTAMINATION,TRUE,https://docs.google.com/spreadsheets/d/18wtuNxe8EsS9HxXE2AAtWksG90vbjTD1/edit?usp=drive_web&ouid=115760380907630335615&rtpof=true
Taraba,8.319196301,10.19445781,Borehole,Hand pump,12.2,7.4,0.97,0.23,High,WATERCONTAMINATION,FALSE,https://docs.google.com/spreadsheets/d/1vTBzE7Z_bxl2MwNkILAwHfxECMhSS4fX/edit?usp=drive_web&ouid=115760380907630335615&rtpof=true
Taraba,8.822629431,10.48978355,Borehole,Hand pump,12.4,7.91,0.67,0.48,High,WATERCONTAMINATION,FALSE,https://docs.google.com/spreadsheets/d/1FMv-QR8wfy44DrZBSM3EpKrIEcQwPIwv/edit?usp=drive_web&ouid=115760380907630335615&rtpof=true
Taraba,7.894512833,10.80284354,Borehole,Motorized,6.2,6.52,0.8,0.32,Moderate,GOODWATER,FALSE,https://docs.google.com/spreadsheets/d/1tM5Bn4bb4WQbHj2ty4HrDrodm_PpKxwt/edit?usp=drive_web&ouid=115760380907630335615&rtpof=true
Yobe,12.64872407,11.41172763,Borehole,Motorized,9.1,6.97,0.84,0.46,Moderate,WATERSCARCITY,FALSE,https://docs.google.com/spreadsheets/d/1Tq-xMfxYyys-69mvwVmhtRfmh7h9gN5N/edit?usp=drive_web&ouid=115760380907630335615&rtpof=true
Yobe,11.4346106,11.32383701,Borehole,Motorized,9,7.35,0.3,0.64,High,,FALSE,https://docs.google.com/spreadsheets/d/1Y_FNG6yME6u5_86AJBQsl_9qB9hXbx-N/edit?usp=drive_web&ouid=115760380907630335615&rtpof=true
Yobe,12.45610596,11.47491969,Borehole,Motorized,6.3,7.77,0.57,0.45,Moderate,WATERSCARE,TRUE,https://docs.google.com/spreadsheets/d/1oMZWHDHCeVLCyIL5N9criUL1sBaWbJ4i/edit?gid=1005275102#gid=1005275102
Yobe,12.76499394,11.02457022,Borehole,Hand pump,7.4,7.92,0.93,0.2,Moderate,WATERCONTAMINATION,FALSE,https://docs.google.com/spreadsheets/d/1TCv-54y1EhgEuh8w-dPGXDPaZ96BUN-x/edit?gid=2062559113#gid=2062559113
Jigawa,12.13312775,9.381443625,Borehole,Hand pump,7.2,7.86,0.8,0.56,High,GROUNDWATER POTENTIAL,TRUE,https://docs.google.com/spreadsheets/d/1misnx66QBDUi2cu1A7Hy3MRVQZLldYoO/edit?gid=1853313771#gid=1853313771
Jigawa,12.11276844,9.470688002,Borehole,Motorized,13.1,7.32,0.25,0.27,High,WATERSCARE,TRUE,https://docs.google.com/spreadsheets/d/1qw18CHuwBF3AaNTWVMss68qnVkbnbMlE/edit?rtpof=true
Jigawa,12.11931268,9.323062928,Borehole,Motorized,10.6,7.02,0.42,0.4,High,WATERCONTAMINATION,FALSE,https://docs.google.com/spreadsheets/d/16RjoK-nJThpCJE55ZLRMFBxyUSC4atwe/edit?gid=238101621#gid=238101621
Jigawa,12.24544553,9.447230206,Borehole,Hand pump,9.9,7.82,0.96,0.33,Moderate,WATERCONTAMINATION,FALSE,https://docs.google.com/spreadsheets/d/1DE7NCteUzUbsfB9ebolRm8HF-DucH3zA/edit?usp=drive_web&ouid=115760380907630335615&rtpof=true
Kaduna,10.50663656,7.434369014,Borehole,Motorized,4.2,7.86,0.3,0.36,Moderate,WATERCONTAMINATION,FALSE,https://docs.google.com/spreadsheets/d/11uS8e-8HFHqw57FqF0PFoLRNFoi-SllN/edit?usp=drive_web&ouid=115760380907630335615&rtpof=true
Kaduna,10.51495143,7.434315311,Borehole,Motorized,12.6,7.48,0.52,0.19,High,WATERSCARE,TRUE,https://docs.google.com/spreadsheets/d/1kI9VpkqwLMzN1IDbM1c0sO6398KXwirF/edit?usp=drive_web&ouid=115760380907630335615&rtpof=true
Kaduna,10.51153838,7.433796608,Borehole,Motorized,5.8,7.49,0.89,0.31,Moderate,GOODWATER,TRUE,https://docs.google.com/spreadsheets/d/13efINl95VHa8xoD2Pz2fLF-BydCC94-z/edit?usp=drive_web&ouid=115760380907630335615&rtpof=true
Kaduna,10.51465067,7.429407577,Borehole,Motorized,12.4,7.89,0.44,0.37,High,WATERSCARE,TRUE,https://docs.google.com/spreadsheets/d/1kwNw2Bc2_nYupCkxmGYtFy9eYoZtzLgB/edit?gid=1556984425#gid=1556984425
Kaduna,10.519043,7.433012649,Borehole,Motorized,9.5,7.01,0.98,0.37,Moderate,GROUNDWATER POTENTIAL,TRUE,https://docs.google.com/spreadsheets/d/1ugxuIIvcusW9S1Jol0JfECvEeTS3-fA6/edit?usp=drive_web&ouid=115760380907630335615&rtpof=true
Kaduna,10.50385536,7.430607429,Borehole,Hand pump,6,8,0.48,0.46,Moderate,GROUNDWATER POTENTIAL,TRUE,https://docs.google.com/spreadsheets/d/18ubKQNDDh4VZHVeVoego-38tSex6tLpy/edit?usp=drive_web&ouid=115760380907630335615&rtpof=true
Kaduna,10.50653559,7.43851793,Borehole,Motorized,5.7,7.83,0.22,0.4,Moderate,WATERCONTAMINATION,TRUE,https://docs.google.com/spreadsheets/d/1QUx3Ndl-2fiKVB_LpdDIYkOuNJxWuQuVcFw2F_jBy_A/edit?usp=drive_web&ouid=115760380907630335615
Kaduna,10.50212109,7.429698791,Borehole,Motorized,7.2,7.6,0.48,0.4,Moderate,GROUNDWATER POTENTIAL,TRUE,https://docs.google.com/spreadsheets/d/1gm3Bz2Gpe8hJhujP0i68CZtWP3yJ3vurRBnfhiA-y8c/edit?usp=drive_web&ouid=115760380907630335615
Kaduna,10.50283239,7.448057962,Borehole,Motorized,5.7,7.38,0.38,0.44,Moderate,WATERSCARE,TRUE,https://docs.google.com/spreadsheets/d/1LYe-69TWjszHLcH61Zgpp3qlnOREfboQ7jHCpy9_8-A/edit?usp=drive_web&ouid=115760380907630335615
Kaduna,10.50323709,7.437493831,Borehole,Motorized,7,8,0.95,0.52,High,GOODWATER,FALSE,https://docs.google.com/spreadsheets/d/13hTyslnNZVa8KDd1VXTu8S4RUTYME3Ly0jY3q_SI-EM/edit?usp=drive_web&ouid=115760380907630335615
Kano,12.00484289,8.547395316,Borehole,Hand pump,6.4,7.63,0.79,0.6,High,WATERCONTAMINATION,FALSE,https://docs.google.com/spreadsheets/d/15pEyR9tVm6MvLw5gluxlSLZW09YWmyJopKM2TQW0z-Q/edit
Kano,11.94976373,8.523362724,Borehole,Motorized,8.6,7.44,0.32,0.6,High,GROUNDWATER POTENTIAL,TRUE,https://docs.google.com/spreadsheets/d/1GrnOurIvEDNs5b2JHjqyedbQDPHKOWmrcRV1SULVknA/edit?gid=0#gid=0
Kano,12.00484289,8.533662406,Borehole,Motorized,8.7,8.08,0.59,0.35,Moderate,WATERCONTAMINATION,TRUE,https://docs.google.com/spreadsheets/d/1wTbXLckoy0Mh8hMC8MHL6eN44EH9O4-rswQcjRAcmPQ/edit?gid=0#gid=0
Kano,11.99073832,8.473924248,Borehole,Motorized,8,6.72,0.24,0.58,High,WATERCONTAMINATION,TRUE,https://docs.google.com/spreadsheets/d/1oGHZHewlbi-G-L8ZA-76du354tGug5hy_cPylqUcBTM/edit?gid=0#gid=0
Kano,11.5161,7.6727,Borehole,Motorized,8.9,8.08,0.82,0.57,High,GOODWATER,FALSE,https://docs.google.com/spreadsheets/d/1M42eOUj0bgb9rjcAOQnZF214dZWrPXk5CyJ2LpyAAbQ/edit?gid=0#gid=0
Kano,11.2927,7.9395,Borehole,Hand pump,8,7.69,0.23,0.2,Moderate,GOODWATER,TRUE,https://docs.google.com/spreadsheets/d/1gKzGiG59w2Rb4S_pINNb18ZPUYgUuURSsFiR0lUtZNw/edit?usp=drive_web&ouid=115760380907630335615
Kano,11.265,8.2178,Borehole,Motorized,11.8,6.87,0.81,0.53,High,WATERCONTAMINATION,TRUE,https://docs.google.com/spreadsheets/d/1FGnEcgS7Wl47W6XC9OemaWMLR_vrScY4__Qorz3q-wE/edit
Kano,11.3108,8.0995,Borehole,Motorized,9.6,7.11,0.87,0.33,Moderate,WATERSCARE,TRUE,https://docs.google.com/spreadsheets/d/1wwT4gkaq2D34PnnhOg1zFyq4KHQiGvEpt42C75VEFsM/edit?gid=0#gid=0
Kano,11.4209,8.1985,Borehole,Motorized,4.2,7.44,0.82,0.38,Moderate,GROUNDWATER POTENTIAL,TRUE,https://docs.google.com/spreadsheets/d/1sCOYzBKNwP2mtzJmQRLBpYOsgR33EkmN43nAcQfQYcI/edit?usp=drive_web&ouid=115760380907630335615
Kano,11.1387,7.8194,Borehole,Motorized,6.9,7.63,0.56,0.61,High,GOODWATER,TRUE,https://docs.google.com/spreadsheets/d/12YYbZb5o57incmwwyP5hm9aQw-5TR58RhlVagW7Z-9g/edit?usp=drive_web&ouid=115760380907630335615
Katsina,12.6483,8.8181,Borehole,Motorized,6.4,6.79,0.66,0.22,Low,WATERCONTAMINATION,TRUE,https://docs.google.com/spreadsheets/d/1PhAEosxwqnIUvkykpYo9xY14v7MdIRfM151mgze6rDg/edit?usp=drive_web&ouid=115760380907630335615
Katsina,12.4347,9.369,Borehole,Motorized,13.2,6.97,0.98,0.57,High,GROUNDWATER POTENTIAL,FALSE,https://docs.google.com/spreadsheets/d/12YYbZb5o57incmwwyP5hm9aQw-5TR58RhlVagW7Z-9g/edit?usp=drive_web&ouid=115760380907630335615
Katsina,12.3465,9.1719,Borehole,Motorized,6.8,8.01,0.29,0.49,Moderate,GOODWATER,TRUE,https://docs.google.com/spreadsheets/d/13Ig2FaZrJ_6sUIeLgx-LRn8vmborDyM2C47-hPxks8A/edit?gid=0#gid=0
Katsina,12.2836,9.0684,Borehole,Motorized,13.8,7.63,0.37,0.18,High,WATERCONTAMINATION,FALSE,https://docs.google.com/spreadsheets/d/1G-rklx_Uvw89iRW1-40A30voKkMCTm6JsNtqdauWQl8/edit
Katsina,12.6288,8.7868,Borehole,Motorized,7.1,6.72,0.34,0.3,Moderate,GOODWATER,TRUE,https://docs.google.com/spreadsheets/d/1SQBUc_ngPZAW8zD07Od788hzxdbFpeHTgdgKUm_ld4M/edit?usp=drive_web&ouid=115760380907630335615
Katsina,12.0633,8.8567,Borehole,Motorized,13.5,7.87,0.51,0.47,High,GOODWATER,FALSE,https://docs.google.com/spreadsheets/d/1QGP-6cIRR0yLXalhmf0z2orgnHPMtnGuRxUeIoOTEws/edit?usp=drive_web&ouid=115760380907630335615
Katsina,12.283,8.7928,Borehole,Motorized,13.7,7.15,0.29,0.15,High,WATERCONTAMINATION,FALSE,https://docs.google.com/spreadsheets/d/1HSTZcku2T3_sts_cEYeeeHoUmw3HBKrU14xe8SX82Wg/edit?usp=drive_web&ouid=115760380907630335615
Katsina,12.4527,8.7887,Borehole,Motorized,7.9,8.14,0.7,0.35,Moderate,WATERCONTAMINATION,TRUE,https://docs.google.com/spreadsheets/d/153raFlc57cwQidWHUDUJUZlngl0J8gPwDbvN66j6DP4/edit?usp=drive_web&ouid=115760380907630335615
Katsina,12.0789,8.8088,Borehole,Hand pump,10.3,7.3,0.54,0.51,High,WATERCONTAMINATION,FALSE,https://docs.google.com/spreadsheets/d/1naWLiuZKaGJ0UjRRBPx5Tw-tP9Sc2E-5zHAlYXmKPQM/edit?usp=drive_web&ouid=115760380907630335615
Katsina,12.3736,9.0635,Borehole,Hand pump,14.4,6.63,0.64,0.57,High,WATERSCARE,FALSE,https://docs.google.com/spreadsheets/d/1AmeIBUMut9Bjat5XUFRjMJJVy1F4-yuwHY3pmiV-ovU/edit?usp=drive_web&ouid=115760380907630335615
Kebbi,12.1426,10.756,Borehole,Hand pump,6,7.54,0.61,0.36,Moderate,GROUNDWATER POTENTIAL,TRUE,https://docs.google.com/spreadsheets/d/15vhFhLvj7fgkClo57D484T7gsuxbE3Ri6X5gSQ3FYik/edit?usp=drive_web&ouid=115760380907630335615
Kebbi,12.2737,10.8187,Borehole,Motorized,9.2,8.2,0.41,0.49,Moderate,WATERCONTAMINATION,TRUE,https://docs.google.com/spreadsheets/d/1iuvsDOIdQcrGk-ECiht_2Hp5m-Tzr4jmm2oMjFJ7yI0/edit
Kebbi,12.3049,10.8498,Borehole,Hand pump,14.5,7.8,0.89,0.56,High,WATERSCARE,TRUE,https://docs.google.com/spreadsheets/d/1Mo8FLau8JSiaZYcwrOWRU43ZZTsxgHRcmhPhTSi6kCA/edit?usp=drive_web&ouid=115760380907630335615
Kebbi,12.0437,10.8009,Borehole,Motorized,7,6.93,0.3,0.35,Moderate,WATERSCARE,TRUE,https://docs.google.com/spreadsheets/d/1QS-o96U5R929QhL9PgALEIXmrTj3Xrd20mSWtoux6tg/edit
Kebbi,11.84,10.7795,Borehole,Motorized,4.3,7.66,0.85,0.45,Moderate,WATERSCARE,TRUE,https://docs.google.com/spreadsheets/d/1dv5jt0OitkYzgEhDcBrvyWMKN99Mq2uKMjVGW9rlJG8/edit?usp=drive_web&ouid=115760380907630335615
Kebbi,11.8768,10.6929,Borehole,Hand pump,13.6,7.18,0.44,0.32,High,GROUNDWATER POTENTIAL,TRUE,https://docs.google.com/spreadsheets/d/1fsIc-IKyyhA3FkVN2f-Ic9PL5WaJgpMcnTLyiGJBUo0/edit?usp=drive_web&ouid=115760380907630335615
Kebbi,11.764,10.8334,Borehole,Motorized,5.5,7.14,0.92,0.34,Moderate,WATERSCARE,FALSE,https://docs.google.com/spreadsheets/d/1zAKjjO_e0Q7_tcb387A7Ok_LZeo0iDUzICKrvo1sDEE/edit
Kebbi,11.9327,10.669,Borehole,Motorized,8.8,6.53,0.85,0.49,Moderate,GROUNDWATER POTENTIAL,TRUE,https://docs.google.com/spreadsheets/d/1OYzpz-i29Azc3Asf7-LoXoMO3IVyJCKRWvQEMb2CsTE/edit
Kebbi,12.223,10.6888,Borehole,Motorized,12.1,6.84,0.49,0.43,High,GROUNDWATER POTENTIAL,FALSE,https://docs.google.com/spreadsheets/d/1o9pCvD0Mv6TdZbmGrQPN91sYu7ZUTQK8Haz6yKODvVQ/edit
Kebbi,11.93,10.5132,Borehole,Hand pump,12.3,8.3,0.88,0.19,High,GOODWATER,FALSE,
Sokoto,10.0358,4.4238,Borehole,Motorized,9.6,7.78,0.75,0.56,High,WATERSCARE,TRUE,https://docs.google.com/spreadsheets/d/14twDTrPPym2x9V02Xl6r_V9FSHsY3aNAxH9U-WmCKEw/edit?usp=drive_web&ouid=115760380907630335615
Sokoto,10.5248,4.2981,Borehole,Motorized,13.7,6.74,0.43,0.62,High,GROUNDWATER POTENTIAL,TRUE,https://docs.google.com/spreadsheets/d/1ur6bpy8DHXSqu0W8q0VT1kl2nITiS7ov__Acigc-Vdo/edit
Sokoto,10.2458,3.9171,Borehole,Motorized,13.3,7.56,0.29,0.22,High,WATERSCARE,FALSE,https://docs.google.com/spreadsheets/d/1fi3gsT5boUazwXx5SWfNnC0Azf7L-3fX5d6xp-HxkVM/edit
Sokoto,10.2133,4.1079,Borehole,Motorized,10.4,6.65,0.86,0.18,High,WATERSCARE,TRUE,https://docs.google.com/spreadsheets/d/1tSIUeNN9MbqxWPadpSNIObtIomYShdZyNz6i4V1G1SI/edit?usp=drive_web&ouid=115760380907630335615
Sokoto,9.9829,4.407,Borehole,Motorized,10.1,7.44,0.47,0.29,High,WATERCONTAMINATION,TRUE,https://docs.google.com/spreadsheets/d/1lgXR3_5v92Rz-fYbl_aQcO1whfTtt-5d5ihRUBPPoj8/edit?usp=drive_web&ouid=115760380907630335615
Zamfara,12.08281542,6.177122661,Borehole,Motorized,5.3,7.13,0.71,0.38,Moderate,GROUNDWATER POTENTIAL,FALSE,https://docs.google.com/spreadsheets/d/1CoMjDrmpK27WcPTdJbrgDkPPX7x9rl0_fh3wdfRxKXI/edit
Zamfara,12.13239518,5.11606146,Borehole,Motorized,13.6,7.89,0.55,0.38,High,WATERSCARE,FALSE,https://docs.google.com/spreadsheets/d/174BI-0YYYXedpSrJ8YepNDcnJU8DgOeCU67dzslxJ2A/edit?usp=drive_web&ouid=115760380907630335615
Benue,7.6013,8.2671,Borehole,Motorized,12.9,7.19,0.76,0.52,High,GROUNDWATER POTENTIAL,FALSE,https://docs.google.com/spreadsheets/d/149ftHcQm6NHVFMYDGIfGGEODirAyIphf8T0ynoaphjk/edit?usp=drive_web&ouid=115760380907630335615
Benue,7.561,8.2815,Borehole,Motorized,10.8,7.88,0.92,0.53,High,GOODWATER,TRUE,https://docs.google.com/spreadsheets/d/1R7Nq3UGrQukiF28ud5BeZglA1eKu5TSIE7aMhhLvjv0/edit?usp=drive_web&ouid=115760380907630335615
Benue,7.5206,8.2946,Borehole,Motorized,14.6,6.56,0.85,0.37,High,WATERSCARE,FALSE,https://docs.google.com/spreadsheets/d/1R4_Q45YyoBgmB8pzJXP4pUtPE5ZFX15g0hvy33WRbbE/edit?gid=0#gid=0
Benue,7.222,8.4629,Borehole,Motorized,11.4,6.67,0.78,0.24,High,WATERCONTAMINATION,TRUE,https://docs.google.com/spreadsheets/d/1yuMECF031ScNpgP67R8k9MvILlnJVVx9nc165sYFVVg/edit?usp=drive_web&ouid=115760380907630335615
Benue,7.3264,8.269,Borehole,Motorized,12.2,8.27,0.8,0.56,High,WATERSCARE,FALSE,https://docs.google.com/spreadsheets/d/1Q94yUb3k6jCoiHzHj1kIaW_i3QK7oPaQNxb155xiO3A/edit?usp=drive_web&ouid=115760380907630335615
Benue,7.382,8.5385,Borehole,Motorized,4.7,6.99,0.4,0.56,High,WATERSCARE,FALSE,https://docs.google.com/spreadsheets/d/18Gitr7nM0xeiG5uLb4s7rsWb4dGVQI5W8ap3QZmKi3c/edit?usp=drive_web&ouid=115760380907630335615
Benue,7.6036,8.3847,Borehole,Motorized,11.7,6.77,0.4,0.31,High,WATERCONTAMINATION,TRUE,https://docs.google.com/spreadsheets/d/1dmrUzsTEh_tTK6qXrM9mP2fUEPfvTRyPjW7IGXyb-vw/edit?usp=drive_web&ouid=115760380907630335615
Benue,7.0639,8.5222,Borehole,Motorized,8.6,6.98,0.28,0.58,High,GOODWATER,FALSE,https://docs.google.com/spreadsheets/d/19c2wcjFkpaoiwbyH6WjGxeuEfiE_9ux01360llQWM7U/edit?usp=drive_web&ouid=115760380907630335615
Benue,7.2384,8.522,Borehole,Hand pump,10,7.46,0.99,0.33,Moderate,GOODWATER,TRUE,https://docs.google.com/spreadsheets/d/1oLJr3F9rqBd_gvtlcJFqNC0iWBjTX9buDMmTkl6kySc/edit?usp=drive_web&ouid=115760380907630335615
Benue,7.563,8.3986,Borehole,Hand pump,5.4,7.51,0.45,0.6,High,WATERCONTAMINATION,TRUE,https://docs.google.com/spreadsheets/d/1CDPZtP-yDe446v91ib4KMXRniI5n8FmhVwlUHIF7m1A/edit?usp=drive_web&ouid=115760380907630335615
Kogi,11.1958,7.2821,Borehole,Motorized,12.9,7.93,0.49,0.65,High,WATERSCARE,FALSE,https://docs.google.com/spreadsheets/d/1-08Az-xGvVKquXDhFglvvsbULrF74nJxxEP2SPqJFWk/edit
Kogi,11.1764,7.2427,Borehole,Motorized,9.7,7.02,0.95,0.61,High,WATERSCARE,TRUE,https://docs.google.com/spreadsheets/d/1erzaRwZ6ZEOQCutuGeEYL7pvVtqo5OkMpJMsjj3YRlI/edit?usp=drive_web&ouid=115760380907630335615
Kogi,11.1845,7.0541,Borehole,Motorized,5.9,6.58,0.8,0.23,Low,WATERCONTAMINATION,FALSE,https://docs.google.com/spreadsheets/d/1FxMUdTunnMswZHuxlyFy-nEb8exsc1gchD2SZUr4jWw/edit
Kogi,11.2191,7.3715,Borehole,Hand pump,9.4,6.66,0.61,0.44,Moderate,GROUNDWATER POTENTIAL,FALSE,https://docs.google.com/spreadsheets/d/1k2zV5zNhT9ncMhLtg-eB4e3dcYWorlOAW1eFYcL3MYA/edit
Kwara,11.5192,4.9033,Borehole,Hand pump,6.4,8.1,0.8,0.6,High,GROUNDWATER POTENTIAL,FALSE,https://docs.google.com/spreadsheets/d/1QLbg1nV7iB2dApwaJSpk4pmWdgHK0S8SJrhmbjDbnPY/edit?usp=drive_web&ouid=115760380907630335615
Kwara,11.7207,4.8187,Borehole,Motorized,14.8,8.12,0.75,0.38,High,WATERCONTAMINATION,FALSE,https://docs.google.com/spreadsheets/d/1yP-0YoNzBmv_Cv1zIhmchSa-QVePq5DjB5H3OA5J8tc/edit?usp=drive_web&ouid=115760380907630335615
Kwara,11.5158,4.9169,Borehole,Motorized,7.3,8.12,0.21,0.47,Moderate,WATERCONTAMINATION,TRUE,https://docs.google.com/spreadsheets/d/1qlx6usDXouzB_cb-LXxA6O8tlzlII6m37n5DwEVCSmA/edit?usp=drive_web&ouid=115760380907630335615
Kwara,11.3568,4.4048,Borehole,Hand pump,12.6,7.44,0.26,0.27,High,GROUNDWATER POTENTIAL,FALSE,https://docs.google.com/spreadsheets/d/1yvEn40cW0fl3kKk3gCoUNPuJ_gmtIUnaTAtvmMifnN0/edit?usp=drive_web&ouid=115760380907630335615
Nasarawa,9.079,4.8298,Borehole,Hand pump,14.2,8.11,0.24,0.54,High,WATERSCARE,FALSE,https://docs.google.com/spreadsheets/d/1ZB0RY5Ymydq7S4LGk2SGIQmmi5gYv0urCyEnTH8nprY/edit?usp=drive_web&ouid=115760380907630335615
Nasarawa,9.05,4.4771,Borehole,Motorized,11.7,7.38,0.7,0.46,High,GROUNDWATER POTENTIAL,TRUE,https://docs.google.com/spreadsheets/d/1fdQB9xdm3XI_9G030qJXnF8xywIc-VA8CLNCSRWsNxY/edit?usp=drive_web&ouid=115760380907630335615
Nasarawa,9.1153,4.4592,Borehole,Motorized,6,7.38,0.99,0.28,Low,GROUNDWATER POTENTIAL,TRUE,https://docs.google.com/spreadsheets/d/1l08AmglGX8t1GPktLF5xKNt_YmUR7MgLMASKwlvfgFY/edit?usp=drive_web&ouid=115760380907630335615
Nasarawa,8.8851,4.99,Borehole,Hand pump,13.1,7.57,0.95,0.34,High,WATERCONTAMINATION,FALSE,https://docs.google.com/spreadsheets/d/18VK6rX0VoQZNL9qSv9SzORUXG5EjuYOA8Vu6ptPDjiQ/edit?usp=drive_web&ouid=115760380907630335615
Nasarawa,8.8488,4.7676,Borehole,Motorized,7.4,6.74,0.47,0.27,Moderate,WATERSCARE,FALSE,https://docs.google.com/spreadsheets/d/1foV7T0z2L8uAfaCn9x-RL-DPoVGgQPTojjCAk0gz5fw/edit?usp=drive_web&ouid=115760380907630335615
Nasarawa,8.9248,4.796,Borehole,Hand pump,8.4,7.85,0.51,0.18,Moderate,WATERCONTAMINATION,TRUE,https://docs.google.com/spreadsheets/d/1umuD0ZmuYB9f89GZic3zZt4wJFqMo8gbbg-s2i6uEOo/edit?usp=drive_web&ouid=115760380907630335615
Nasarawa,9.3346,4.6519,Borehole,Motorized,8.4,7.57,0.39,0.53,High,GROUNDWATER POTENTIAL,FALSE,https://docs.google.com/spreadsheets/d/1bnpfINqOMxADDwKRTZg1vtX6ugSz6dlrg2WQGTKrDhA/edit?usp=drive_web&ouid=115760380907630335615
Niger,10.6111,11.3313,Borehole,Hand pump,8.8,7.41,0.82,0.32,Moderate,GROUNDWATER POTENTIAL,FALSE,https://docs.google.com/spreadsheets/d/1tEMPexlibgTEhs0EkHDPonVPdwWHhx2oS1wPSuR_8z4/edit?usp=drive_web&ouid=115760380907630335615
Niger,10.4482,11.31,Borehole,Motorized,6.4,6.56,0.68,0.22,Low,WATERCONTAMINATION,FALSE,https://docs.google.com/spreadsheets/d/1OGHI-2IIYox_7n7inY9bjQPfhFNBBuj0zCBVVY-uQ6U/edit?usp=drive_web&ouid=115760380907630335615
Niger,10.5323,11.1918,Borehole,Motorized,7,7.23,0.6,0.2,Low,GROUNDWATER POTENTIAL,FALSE,https://docs.google.com/spreadsheets/d/1ps7iPCAKnxjyb2w2k2EktCVWeDtIKPOjolMCRJw10ME/edit?usp=drive_web&ouid=115760380907630335615
Niger,9.648581788,6.528522097,Borehole,Motorized,11.7,6.6,0.78,0.61,High,GROUNDWATER POTENTIAL,TRUE,https://docs.google.com/spreadsheets/d/1Xil3SYlUBEHOBpjWzxO3T-KBn-abWcOtMwlkO79Moj4/edit?usp=drive_web&ouid=115760380907630335615
Niger,9.604029132,6.514532252,Borehole,Motorized,13.1,7.7,0.75,0.22,High,GOODWATER,FALSE,https://docs.google.com/spreadsheets/d/19-40gG4I1NXvmnDyTNq93SBENTDwP9Y1Y4X_EAcv6D4/edit?usp=drive_web&ouid=115760380907630335615
Niger,9.613941109,6.541296793,Borehole,Hand pump,8,7.35,0.42,0.5,Moderate,GOODWATER,FALSE,https://docs.google.com/spreadsheets/d/1RZFcEAOyn-pA-JEpp_ClvttgbOn2Mr7rQ7dvny_y-mY/edit?usp=drive_web&ouid=115760380907630335615
Plateau,9.864119001,8.854011872,Borehole,Motorized,4.3,7.32,0.82,0.4,Moderate,GOODWATER,FALSE,https://docs.google.com/spreadsheets/d/1QjLEQ-fHNDn0UbKlO-eYTi-BX8D1GAOi7gcFg9xF0nE/edit
Plateau,9.886983134,8.879798557,Borehole,Hand pump,5.6,8.13,0.33,0.56,High,GROUNDWATER POTENTIAL,FALSE,https://docs.google.com/spreadsheets/d/1qUkS3fRhqAW_Hq5PvLpMUEK3xY5Q-VLjnW8E5TIKwaY/edit
Plateau,9.939310602,8.876188421,Borehole,Motorized,6.5,7.2,0.48,0.48,Moderate,WATERCONTAMINATION,FALSE,https://docs.google.com/spreadsheets/d/13EEQXfli8gq9asWpFeZnMo4dVti2vPwRn_j1jB4u7fw/edit
Plateau,9.868183851,8.770978748,Borehole,Motorized,6.3,7.33,0.47,0.17,Low,WATERCONTAMINATION,FALSE,https://docs.google.com/spreadsheets/d/17qF5GAe2lZ_MWtjBxBl35NsjidQRTMY7PPpBGjQwCoc/edit
Plateau,9.834568663,8.889952797,Borehole,Hand pump,8.9,6.99,0.8,0.58,High,WATERSCARE,FALSE,https://docs.google.com/spreadsheets/d/1dN8lLnBSFjZILyeAFn47wLCWC1lmuXq5jVe_7DdPx0E/edit
Plateau,9.951418961,8.880314998,Borehole,Motorized,5.4,6.61,0.87,0.52,High,GOODWATER,TRUE,https://docs.google.com/spreadsheets/d/1aPzsRqZv8tcb1F_cPHUU52HKUqxkFXXyp-KRZhsyVHw/edit?usp=drive_web&ouid=115760380907630335615
Plateau,9.84834455,8.966732074,Borehole,Motorized,13,6.98,0.9,0.23,High,GROUNDWATER POTENTIAL,FALSE,https://docs.google.com/spreadsheets/d/1RCKM7Y4U5qYm2S_oFQg2XUhaaA54ZpwuBqCeEiWeGGU/edit?usp=drive_web&ouid=115760380907630335615
Plateau,9.928074729,8.901376607,Borehole,Motorized,13.1,7.13,0.21,0.31,High,WATERSCARE,FALSE,https://docs.google.com/spreadsheets/d/1wX5LnXXKYrQbkoO6prHCOKrj_G8XkZfRh27pAobP-e8/edit?usp=drive_web&ouid=115760380907630335615
Plateau,9.936220013,8.87844832,Borehole,Motorized,7.2,6.59,0.2,0.31,Moderate,WATERCONTAMINATION,FALSE,https://docs.google.com/spreadsheets/d/1cEca7pSTXlZGbxjtCNyCipOQpb-vglpfbXuW8SRgEFg/edit?usp=drive_web&ouid=115760380907630335615
Plateau,9.888238451,8.884303097,Borehole,Motorized,8.2,7.08,0.8,0.41,Moderate,GOODWATER,FALSE,https://docs.google.com/spreadsheets/d/1q89HoeceuBQ3U_qtGaJuXbQ1BXj6weqAgG2T8eD3qg0/edit?usp=drive_web&ouid=115760380907630335615
Plateau,9.952159128,8.867998854,Borehole,Hand pump,11.4,8.07,0.91,0.22,High,GROUNDWATER POTENTIAL,TRUE,https://docs.google.com/spreadsheets/d/1xkpd98E_ZGyM-Z5D6Ps9XMp-sw3l5V4PnaW4JPw0Ydg/edit?usp=drive_web&ouid=115760380907630335615
Abuja,9.023939105,7.482199722,Borehole,Motorized,14.2,7.73,0.4,0.6,High,WATERSCARE,FALSE,https://docs.google.com/spreadsheets/d/1jNDDVr5jOYGQXWvSl0AVbqrZeQZrloToW-P6C_GXKjk/edit
Abuja,9.023520502,7.474090557,Borehole,Motorized,8,7.22,0.69,0.17,Moderate,GROUNDWATER POTENTIAL,TRUE,https://docs.google.com/spreadsheets/d/12qqJtOhpGDwpo0O0ylPmR6T6WX9ofwCz_siFq2uxu38/edit?usp=drive_web&ouid=115760380907630335615
Abuja,9.088151213,7.491838755,Borehole,Hand pump,12.6,6.82,0.37,0.62,High,GOODWATER,FALSE,https://docs.google.com/spreadsheets/d/1Riuja5tPT4VHEa0h5KlgdXa4_duzXg-nLRcQdp0Il-w/edit?usp=drive_web&ouid=115760380907630335615
Abuja,9.082722134,7.469957751,Borehole,Motorized,13.3,7.9,0.98,0.46,High,WATERCONTAMINATION,TRUE,https://docs.google.com/spreadsheets/d/1oZqsGWFrsTEGuNtSzPZO0VUw1ir1nIJYA7cC-7Jx_lg/edit
Abuja,9.073481263,7.431550594,Borehole,Hand pump,8.6,7.72,0.39,0.23,Moderate,WATERCONTAMINATION,FALSE,https://docs.google.com/spreadsheets/d/1RKXfke5BtPoMlkdJ4dA52hM7tiI3E8DR0d4jsZYVeWQ/edit
Abuja,9.066165404,7.428431231,Borehole,Motorized,5.1,7.42,0.61,0.44,Moderate,WATERSCARE,FALSE,https://docs.google.com/spreadsheets/d/1sQoQ30fh9tFodpDSTJmDAZ5yv2FIvdBa44-2lgwZQHg/edit
Abuja,9.067340616,7.473741801,Borehole,Motorized,5.6,7.53,0.94,0.48,Moderate,GROUNDWATER POTENTIAL,TRUE,https://docs.google.com/spreadsheets/d/1r-Syg1n1_xANeH1PlGLOipsiQ3WGeJcJ7HGvHeyF2VQ/edit
Abuja,9.032951487,7.478652369,Borehole,Motorized,9.4,7.77,0.45,0.54,High,GROUNDWATER POTENTIAL,FALSE,https://docs.google.com/spreadsheets/d/1CBTRei1xLiXD6oMDdQNs_SIzTPIJTJeKvjkrnQzgyIw/edit?gid=711047242#gid=711047242
Anambra,6.211,7.071,Borehole,Motorized,3.1,6.7,0.02,1.1,Low,GOODWATER,FALSE,https://docs.google.com/spreadsheets/d/1WG6rhKh5XDmRI4rbSUKg9oimPgXS0o7eHGYUAJ9DPCg/edit?gid=2062361253#gid=2062361253
Anambra,6.023,6.92,Borehole,Motorized,4.8,6.2,0.03,3.55,Moderate,WATERSCARCITY,TRUE,https://docs.google.com/spreadsheets/d/14U6Q4LMFSEZCHQbpk2MRnsYONf5Imo7ipZUeD2ACU0I/edit?gid=993697733#gid=993697733
Anambra,6.151,6.785,Borehole,Motorized,5.3,6,0.01,4.88,High,WATERCONTAMINATION,TRUE,https://docs.google.com/spreadsheets/d/1CvYrsC4jpica_ZOiXFYeOezTs3d9Xw4_G59l9QCF0N8/edit?gid=568397177#gid=568397177
Anambra,5.846,6.919,Borehole,Motorized,3.9,6.5,0.02,2.8,Moderate,GOODWATER,FALSE,https://docs.google.com/spreadsheets/d/1rRGmnwqI0jpCInu2ZLz_f22RrbXRNNdFYM-U30KMh-8/edit?gid=936096180#gid=936096180
Anambra,6.081,6.93,Borehole,Motorized,2.9,6.8,0.03,1.75,Low,GOODWATER,FALSE,https://docs.google.com/spreadsheets/d/1MbsANvsoBnr94XiqRhJRaPoqdgJZRF0TntGYEphpiU8/edit?gid=2129956119#gid=2129956119
Anambra,6.252,7.141,Borehole,Hand Pumped,4.7,6.1,0.02,3.9,Moderate,WATERSCARCITY,TRUE,https://docs.google.com/spreadsheets/d/1Mfo-aktziVa8V6VeJv18h_s3NE12gRYsjlf6pcNuigs/edit
Anambra,6.23,7.099,Borehole,Motorized,3.3,6.6,0.01,1.3,Low,GOODWATER,FALSE,https://docs.google.com/spreadsheets/d/1zmzQpnxC68lteVyJVdVApRgazzD876mrLG5od5L4wsQ/edit?gid=380046971#gid=380046971
Anambra,6.196,7.045,Borehole,Motorized,3,6.7,0.03,1.15,Low,GOODWATER,FALSE,https://docs.google.com/spreadsheets/d/18P08ycacTWLIviK9ff6G0WBJXelCMVUeekbWQBTGZiM/edit?gid=769329478#gid=769329478
Anambra,6.111,7.049,Borehole,Hand Pumped,4.2,6.3,0.01,3.4,Moderate,WATERSCARCITY,TRUE,https://docs.google.com/spreadsheets/d/15l1GLdgCqq4Lgdg-scNplgUzsiX5CA8YpGSSGzifKIA/edit?gid=2089066401#gid=2089066401
Anambra,6.192,7.019,Borehole,Motorized,3.7,6.5,0.02,1.9,Low,GOODWATER,FALSE,https://docs.google.com/spreadsheets/d/18KIkrASNW0i5ZQk2Lt0wQuWEPU31SNZ1kCLK0kQ6Auk/edit
Bayelsa,4.916,6.267,Borehole,Motorized,4.5,6.3,0.02,3.8,Moderate,WATERSCARCITY,TRUE,https://docs.google.com/spreadsheets/d/1cIDuuVQgkbj3e5iGQNolTeZInJxwZEKQAHRbb0Mj9jA/edit?gid=283224139#gid=283224139
Bayelsa,5.033,6.25,Borehole,Motorized,3.2,6.8,0.01,2.1,Low,GOODWATER,FALSE,https://docs.google.com/spreadsheets/d/1SlZvwDQ3Yn92zJwJTzy9lN1m_thHWtxtLILl0hL4LF4/edit?gid=2002602476#gid=2002602476
Bayelsa,5.1,6.365,Borehole,Motorized,3.7,6.5,0.03,1.8,Low,GOODWATER,FALSE,https://docs.google.com/spreadsheets/d/1mLUgIkAbpunS6crLtHI4-TGbygrM8eyZlVgIIfrLzao/edit?gid=1592812390#gid=1592812390
Bayelsa,5.095,6.133,Borehole,Motorized,5,6.1,0.02,4.5,High,WATERCONTAMINATION,TRUE,https://docs.google.com/spreadsheets/d/1Q6g1tqsa0miV3JgeqRI9teUrxGGRrgdE9I7WTm77Ahs/edit?gid=140366053#gid=140366053
Bayelsa,5.183,6.4,Borehole,Hand Pumped,2.9,6.9,0.01,1.5,Low,GOODWATER,FALSE,https://docs.google.com/spreadsheets/d/16vqaa-WznGOQGBAhbmfnRoO_DuTZ80eFX9MApLqyBwo/edit?gid=1731064594#gid=1731064594
Bayelsa,5.233,6.167,Borehole,Motorized,4.8,6.2,0.02,3.9,Moderate,WATERSCARCITY,TRUE,https://docs.google.com/spreadsheets/d/1O3q9Ww9dk6lMPn_h1Yuz0KsaJFyPEqh6rNo0uuxc-zQ/edit?gid=247469072#gid=247469072
Bayelsa,5.155,6.198,Borehole,Motorized,3.3,6.7,0.01,1.2,Low,GOODWATER,FALSE,https://docs.google.com/spreadsheets/d/14ZqVeBT6GEpG3mu5Xts5wFufxFmOanHWa8RrJwkNjqw/edit?gid=1233044745#gid=1233044745
Bayelsa,5.034,6.26,Borehole,Motorized,3.5,6.6,0.02,1.7,Low,GOODWATER,FALSE,https://docs.google.com/spreadsheets/d/1TIimm9qZ59kq0ST4m8a86NyG4rYJxIXYEyiBY2HLa2M/edit?gid=1391152106#gid=1391152106
Bayelsa,5,6.3,Borehole,Hand Pumped,4.7,6.3,0.03,3.5,Moderate,WATERSCARCITY,TRUE,https://docs.google.com/spreadsheets/d/1-o5j2NOjmphqzeHtlC7ydpwI5GdNOZR6ULVvT3B0cLM/edit?gid=1255751760#gid=1255751760
Bayelsa,4.95,6.34,Borehole,Motorized,4.9,6.4,0.02,4.1,Moderate,WATERSCARCITY,TRUE,https://docs.google.com/spreadsheets/d/1se3PR3cB8XnHtgRNVsufBUqo0OBAjQktHcRnWsOch4A/edit?gid=1637785466#gid=1637785466
Cross River,5.16,8.37,Borehole,Motorized,4.8,6.1,0.03,4.2,Moderate,WATERSCARCITY,TRUE,https://docs.google.com/spreadsheets/d/11Ht5yq7skOQQ4ZUEyyDCYhO7IC6sY58z0J5hNltDjyM/edit?gid=1374791065#gid=1374791065
Cross River,5.5,8.1,Borehole,Motorized,3.2,6.7,0.02,1.5,Low,GOODWATER,FALSE,https://docs.google.com/spreadsheets/d/1IdVBggTSz_v5ho3h6ZjPIDuat94kO1vDIrArFeG347w/edit
Cross River,4.95,8.45,Borehole,Motorized,5.2,6.2,0.04,4.5,Moderate-High,WATERSCARCITY,TRUE,https://docs.google.com/spreadsheets/d/1x0Q0A8Piu_76m2GBzKSaju9UodvD30ybVRo_Mhi6gG4/edit
Cross River,5.95,8.7,Borehole,Hand Pumped,3.5,6.8,0.01,1.2,Low,GOODWATER,FALSE,https://docs.google.com/spreadsheets/d/1BjbCblu6Zvs5DJhjSAvAxcXtK6hyiwtQzh_ArSnjibw/edit?gid=1176919733#gid=1176919733
Cross River,6.25,8.9,Borehole,Motorized,4.7,6,0.03,3.8,Moderate,WATERSCARCITY,TRUE,https://docs.google.com/spreadsheets/d/1w_3Bs-ck-a8z4HmOy3Sbas3zs74Kl-Dq4BCT1o85WZU/edit?gid=1180424168#gid=1180424168
Cross River,6.3,8.85,Borehole,Motorized,3.1,6.5,0.02,1,Low,GOODWATER,FALSE,https://docs.google.com/spreadsheets/d/1duY4fEhwTJEWQQoSfJ0HdxBp2Au-3UldjQfVtkFGeQo/edit?gid=1475941290#gid=1475941290
Cross River,4.9,8.5,Borehole,Motorized,5,6.1,0.03,4.3,Moderate,WATERSCARCITY,TRUE,https://docs.google.com/spreadsheets/d/1B6n0nzfQ53rPO9JVbhBYoeRXe1TX4fwovHRH7Qmd5n8/edit?gid=1419706508#gid=1419706508
Cross River,5.1,8.6,Borehole,Motorized,3.3,6.7,0.01,1.3,Low,GOODWATER,FALSE,https://docs.google.com/spreadsheets/d/1uDWE-HN_vNcY7MB7eMan-_JRCv_1DcZP06gsfDLFxxo/edit?gid=1826700905#gid=1826700905
Cross River,5.75,8.77,Borehole,Hand Pumped,4.5,6.3,0.02,3.9,Moderate,WATERSCARCITY,TRUE,https://docs.google.com/spreadsheets/d/1LTjrSVyoDR_0w2gBEZY3j-RVCL3i9WBbwVIJ6vdnboc/edit?gid=1699017459#gid=1699017459
Cross River,5.35,8.42,Borehole,Motorized,3.6,6.6,0.01,1.6,Low,GOODWATER,FALSE,https://docs.google.com/spreadsheets/d/1Pv4njwKPGcsSBZJtUlpId2klK0F37w4kJKBtk6oddD4/edit?gid=925461274#gid=925461274
Delta,5.52,5.75,Borehole,Motorized,4.5,6.3,0.03,4.2,Moderate,WATERSCARCITY,TRUE,https://docs.google.com/spreadsheets/d/1ioR0zdqIhUA15-e7jtKlbUfSrXCTUIrnlJ4aFI_QXWE/edit?gid=1081994309#gid=1081994309
Delta,6.202,6.21,Borehole,Motorized,2.8,6.6,0.01,1.8,Low,GOODWATER,FALSE,https://docs.google.com/spreadsheets/d/1EyHdP2xQ_Ix8kA1Dqy2-D95R8jsuVWekFmj5RD-9-j8/edit?gid=2008938499#gid=2008938499
Delta,6.19,6.2,Borehole,Motorized,5.1,6,0.02,3.6,Moderate,WATERSCARCITY,TRUE,https://docs.google.com/spreadsheets/d/1H29nqhpVRBbB3OYlcfPX9FmdNWSTQEbQZVD0qhxznQs/edit?gid=260158303#gid=260158303
Delta,5.52,5.76,Borehole,Hand Pumped,3,6.5,0.02,1.4,Low,GOODWATER,FALSE,https://docs.google.com/spreadsheets/d/1sTVYWtk7_kFVCF6xnwiB8hri7INsDrJ_rXDMHZ9Aq6k/edit?gid=1522257232#gid=1522257232
Delta,6.23,6.225,Borehole,Motorized,4.9,6.2,0.03,4,Moderate,WATERSCARCITY,TRUE,https://docs.google.com/spreadsheets/d/1dUbJk1l_b2E1alj5o0IUgL2-rCZdHRR1gpm8Nb0gxeE/edit?gid=906333172#gid=906333172
Delta,5.52,5.52,Borehole,Motorized,2.5,6.7,0.01,1.2,Low,GOODWATER,FALSE,https://docs.google.com/spreadsheets/d/1dUbJk1l_b2E1alj5o0IUgL2-rCZdHRR1gpm8Nb0gxeE/edit?gid=906333172#gid=906333172
Delta,5.54,6.2,Borehole,Motorized,3.4,6.6,0.02,1.6,Low,GOODWATER,FALSE,https://docs.google.com/spreadsheets/d/1vqPeXprYvJkDBi6zMnHeXdWrTTyxptriA1tI2RWo3bs/edit?usp=drive_web&ouid=115760380907630335615
Delta,5.89,5.89,Borehole,Motorized,3.1,6.5,0.01,1.3,Low,GOODWATER,FALSE,https://docs.google.com/spreadsheets/d/1uEE1o-fCbFwEOVyn5lkaEopEiGkKjlw4EEsnXHVdgwE/edit?usp=drive_web&ouid=115760380907630335615
Delta,6.11,5.98,Borehole,Hand Pumped,4.7,6.1,0.02,3.7,Moderate,WATERSCARCITY,TRUE,https://docs.google.com/spreadsheets/d/1HmsnzWuZmhIkb0l5TO_241y94ucbN3vYYah2LQ0Gjlc/edit
Delta,5.55,6.23,Borehole,Motorized,3.3,6.7,0.01,1.5,Low,GOODWATER,FALSE,https://docs.google.com/spreadsheets/d/1KgEIS4ktvWhJB556i3XKDGBRwbsVrbAQIa0ur5qz438/edit?usp=drive_web&ouid=115760380907630335615
Ebonyi,6.273,7.657,Borehole,Motorized,10.56,6.12,Not reported,28.6,High,WATERCONTAMINATION,FALSE,https://docs.google.com/spreadsheets/d/1HmsnzWuZmhIkb0l5TO_241y94ucbN3vYYah2LQ0Gjlc/edit?usp=drive_web&ouid=115760380907630335615
Ebonyi,6.275,7.642,Borehole,Motorized,14.78,6.75,Not reported,15.4,Moderate,GOODWATER,FALSE,https://docs.google.com/spreadsheets/d/1KgEIS4ktvWhJB556i3XKDGBRwbsVrbAQIa0ur5qz438/edit?usp=drive_web&ouid=115760380907630335615
Ebonyi,6.32,7.757,Borehole,Hand Pumped,12.25,6.5,Present,22.1,High,WATERCONTAMINATION,TRUE,https://docs.google.com/spreadsheets/d/13YDjrCtq2UY1At_KEF54eM-YsV1XWosD4MXwQS5qlKM/edit
Ebonyi,6.3,7.58,Borehole,Motorized,11.2,6.65,Not reported,18.5,Moderate,GOODWATER,FALSE,https://docs.google.com/spreadsheets/d/1QXiwO-3nOp-aSebzgLhKXpYnM8eO6E_BD9EVRY6qiCg/edit?usp=drive_web&ouid=115760380907630335615
Ebonyi,6.333,7.7,Borehole,Motorized,9,6.8,0.01,12,Moderate,GOODWATER,FALSE,https://docs.google.com/spreadsheets/d/1hlUJgkh1QHIbtTWM3GfIeAyOHyNiiPT9GRZxTVFxad0/edit?usp=drive_web&ouid=115760380907630335615
Ebonyi,6.27,7.75,Borehole,Motorized,8.7,6.7,0.02,11,Moderate,GOODWATER,FALSE,https://docs.google.com/spreadsheets/d/1wVynPMdt-o-quRkr0t3Y9s4-lPsdQf2GNJfaPy1RLsQ/edit?usp=drive_web&ouid=115760380907630335615
Ebonyi,6.35,7.65,Borehole,Hand Pumped,13,6.4,0.02,20,High,WATERCONTAMINATION,TRUE,https://docs.google.com/spreadsheets/d/1vQhmoMmYsaWpm9mKUVETx5MVL6SwL7y6l0qRjUpJPlo/edit?usp=drive_web&ouid=115760380907630335615
Ebonyi,6.31,7.72,Borehole,Motorized,9.5,6.75,0.01,14,Moderate,GOODWATER,FALSE,https://docs.google.com/spreadsheets/d/10b5Hf52XTES4Urfoc49ldPIxKXGWu3vjbnnp_MIagjw/edit?usp=drive_web&ouid=115760380907630335615
Ebonyi,6.29,7.68,Borehole,Motorized,10,6.65,0.01,16,Moderate,GOODWATER,FALSE,https://docs.google.com/spreadsheets/d/1J0ziHlfPBRpIld5jLVEXummB6k2BFoBkI7Oka7TYOHk/edit?usp=drive_web&ouid=115760380907630335615
Ebonyi,6.32,7.69,Borehole,Motorized,8.9,6.7,0.01,12.5,Moderate,GOODWATER,FALSE,https://drive.google.com/drive/folders/1XmnSYUYuyfL9ce-vpAZmuwrQPBmStU9r
Ebonyi,6.295,7.595,Borehole,Hand Pumped,12.5,6.5,Present,21,High,WATERSCARCITY,TRUE,https://docs.google.com/spreadsheets/d/1oop0ZJrSue8FJuP8V0b2gqEbPuzNNlFXovRepgARLBA/edit?usp=drive_web&ouid=115760380907630335615
Ebonyi,6.28,7.66,Borehole,Motorized,9.3,6.75,0.02,13,Moderate,GOODWATER,FALSE,https://docs.google.com/spreadsheets/d/1NB5JXtc3MCts1aURmyJ3Fl4C4Yooa7ERx9TY_sePz6k/edit
Ebonyi,6.271,7.714,Borehole,Motorized,9.6,6.65,0.02,15,Moderate,GOODWATER,FALSE,https://docs.google.com/spreadsheets/d/15ynjvLBf0uPtBU5hJiIJGG5fb25vK3ZJuhphpgbi-eM/edit?usp=drive_web&ouid=115760380907630335615
Edo,6.34,5.625,Borehole,Motorized,3.2,6.6,0.02,1.8,Low,GOODWATER,FALSE,https://docs.google.com/spreadsheets/d/17skstEAhgyE-u6SsrDqaIXlMO7PLsrBkHKKEV20vBK4/edit?usp=drive_web&ouid=115760380907630335615
Edo,6.33,5.62,Borehole,Motorized,4.5,6.3,0.03,3.9,Moderate,WATERSCARCITY,TRUE,https://docs.google.com/spreadsheets/d/1RcQAgFGF7IqMvxFYzQ_S5Ockdgj1x1FsWwTVZqOQJ2Y/edit
Edo,7.08,6.27,Borehole,Motorized,2.9,6.8,0.01,1.5,Low,GOODWATER,FALSE,https://docs.google.com/spreadsheets/d/14NALwlbaEErGgOfb2WFPU3fV2GWBw1vVbw_odzSkzKI/edit?gid=1957335815#gid=1957335815
Edo,7.05,6.18,Borehole,Motorized,3.5,6.5,0.01,1.7,Low,GOODWATER,FALSE,https://docs.google.com/spreadsheets/d/1ouk_nA8FCqMsA4NHkC3gWW-bOrzXdg9Ywf6kSRtfCLA/edit
Edo,6.34,5.62,Borehole,Motorized,3.8,6.7,0.02,2,Low,GOODWATER,FALSE,https://docs.google.com/spreadsheets/d/1gvGrOLsP4apkHsdsKong4E5ycvkwUnBsiu-sMI51JF0/edit?gid=965496168#gid=965496168
Edo,6.33,5.6,Borehole,Motorized,3.3,6.6,0.01,1.9,Low,GOODWATER,FALSE,https://docs.google.com/spreadsheets/d/1D0HF3kmVNBgSZeB1y0bb4JmYVZUAgV3hKu58ejBW4tM/edit?usp=drive_web&ouid=115760380907630335615
Edo,6.35,5.64,Borehole,Motorized,3,6.4,0.01,1.6,Low,GOODWATER,FALSE,https://docs.google.com/spreadsheets/d/130sl3Rez2gc6bW4l5mPMLyadoJe5AbvNeRz2GKEwdaQ/edit?usp=drive_web&ouid=115760380907630335615
Edo,7.1,6.25,Borehole,Motorized,4.7,6.1,0.03,4.2,Moderate,WATERSCARCITY,TRUE,https://docs.google.com/spreadsheets/d/14IRBfAWe54RgNRrhu8mk4l6UMNd3lrrBtfaBb_6mmjk/edit
Edo,7.08,6.28,Borehole,Hand Pumped,4.9,6.2,0.02,3.8,Moderate,WATERSCARCITY,TRUE,https://docs.google.com/spreadsheets/d/1mjsyS03F4hx2ZxNntpj5CUJWZp9hCyxK-PEqgz4YD8E/edit?usp=drive_web&ouid=115760380907630335615
Edo,6.31,5.65,Borehole,Motorized,3.1,6.5,0.01,1.7,Low,GOODWATER,FALSE,https://docs.google.com/spreadsheets/d/1Vgx4w-d4xJZJyLYiQv2Sj26Hqhjnkw6OWSOPWCkjl_0/edit
Enugu,6.45,7.5,Borehole,Motorized,3.5,6.5,0.01,1.5,Low,GOODWATER,FALSE,https://docs.google.com/spreadsheets/d/1QUSPWLb4JIqhHzAF44q1NpePEs0ooAh9BeDtxe5HtXE/edit?usp=drive_web&ouid=115760380907630335615
Enugu,6.42,7.52,Borehole,Motorized,4.7,6.2,0.02,3.6,Moderate,WATERSCARCITY,TRUE,https://docs.google.com/spreadsheets/d/1HQ7Okuwj9j-LFbFNJNv5969lvOUF_KlIkH38pdRzwMQ/edit?usp=drive_web&ouid=115760380907630335615
Enugu,6.44,7.52,Borehole,Motorized,3.8,6.6,0.01,1.8,Low,GOODWATER,FALSE,https://docs.google.com/spreadsheets/d/1_n-oV56yzGOlsiE0sTWYq-fXl4Ub70TxjbDn7PUbzlU/edit?usp=drive_web&ouid=115760380907630335615
Enugu,6.43,7.51,Borehole,Motorized,3,6.7,0.01,1.4,Low,GOODWATER,FALSE,https://docs.google.com/spreadsheets/d/1FeYDmIcQfWWmVWah9KqpsFdOqTO8CM_wQBexpwI7yAg/edit?usp=drive_web&ouid=115760380907630335615
Enugu,6.46,7.53,Borehole,Motorized,3.2,6.5,0.01,1.9,Low,GOODWATER,FALSE,https://docs.google.com/spreadsheets/d/1B_beQwj3-mwODzG_VZLkL10o96c6DIMfY0-n3hcxe0g/edit?usp=drive_web&ouid=115760380907630335615
Enugu,6.4,7.48,Borehole,Motorized,5.1,6.1,0.03,4.1,Moderate,WATERSCARCITY,TRUE,https://docs.google.com/spreadsheets/d/16QLynKpGBVtlLDzex5y9Mw0ScfQ27YJpkcdl_zN0s9U/edit?usp=drive_web&ouid=115760380907630335615
Enugu,6.42,7.46,Borehole,Motorized,3.4,6.4,0.02,1.6,Low,GOODWATER,FALSE,https://drive.google.com/drive/folders/1XmnSYUYuyfL9ce-vpAZmuwrQPBmStU9r
Enugu,6.44,7.51,Borehole,Motorized,3.6,6.5,0.01,1.7,Low,GOODWATER,FALSE,https://docs.google.com/spreadsheets/d/1g48_d6DAZpyRWu-7L4AlVEnyd4xyDjGWpF0DVhDDFfw/edit?usp=drive_web&ouid=115760380907630335615
Enugu,6.43,7.5,Borehole,Motorized,4.8,6.3,0.02,3.8,Moderate,WATERSCARCITY,TRUE,https://docs.google.com/spreadsheets/d/1KQFyIBGujk6GOsdDO0nB5Cua9-5VKVlk848noU1YSvY/edit?usp=drive_web&ouid=115760380907630335615
Enugu,6.44,7.49,Borehole,Motorized,3.3,6.7,0.01,1.5,Low,GOODWATER,FALSE,https://docs.google.com/spreadsheets/d/15rgi2kK3RKLH85a61v41LPoyhtdk-hf5MEf2vCPbJkI/edit?usp=drive_web&ouid=115760380907630335615
Enugu,6.42,7.55,Borehole,Motorized,3.1,6.6,0.01,1.4,Low,GOODWATER,FALSE,https://docs.google.com/spreadsheets/d/147lDlbBEHTV9V7kUm2MaMTGrjxEZv88YbdjPupbXQkU/edit
Enugu,6.5,7.6,Borehole,Motorized,5,6.2,0.03,4.2,Moderate,WATERSCARCITY,TRUE,https://docs.google.com/spreadsheets/d/1VS2etBDLB381NxlGM42BKVlY4-ntdViFSy3KomnGqQI/edit?usp=drive_web&ouid=115760380907630335615
Ekiti,7.618,5.218,Borehole,Motorized,3.5,6.7,0.02,1.7,Low,GOODWATER,FALSE,https://docs.google.com/spreadsheets/d/11zGNKabWxGquZaB-4ueHeQ0isCUmkOjMS32uLiSFQZA/edit
Ekiti,7.615,5.22,Borehole,Motorized,3.8,6.5,0.01,1.4,Low,GOODWATER,FALSE,https://docs.google.com/spreadsheets/d/1IlBgZPaSSj7QyhYe1fanpe6DxgiyBzH3mXpD3uIvIW4/edit
Ekiti,7.616,5.215,Borehole,Motorized,3.3,6.6,0.01,1.6,Low,GOODWATER,FALSE,https://docs.google.com/spreadsheets/d/1IlBgZPaSSj7QyhYe1fanpe6DxgiyBzH3mXpD3uIvIW4/edit?usp=drive_web&ouid=115760380907630335615
Ekiti,7.63,5.48,Borehole,Motorized,4.8,6.2,0.03,3.8,Moderate,WATERSCARCITY,TRUE,https://docs.google.com/spreadsheets/d/1ybijVbBPflhkpIWGpt5AYQLV_y8NinGPIbiuQNg6hpY/edit
Ekiti,7.632,5.475,Borehole,Hand Pumped,5,6.1,0.03,4,Moderate,WATERSCARCITY,TRUE,https://docs.google.com/spreadsheets/d/1LJUZAuFByirPvYZJ4iFfcUfH2-LkUIOuaxwyt9gh2lI/edit?usp=drive_web&ouid=115760380907630335615
Ekiti,7.58,5.3,Borehole,Motorized,3.2,6.7,0.02,1.5,Low,GOODWATER,FALSE,https://docs.google.com/spreadsheets/d/1ilawky9ewMQiGAFkQpnuKrEnC6RSHFU5yqWbezB4vek/edit?usp=drive_web&ouid=115760380907630335615
Ekiti,7.59,5.27,Borehole,Motorized,3.1,6.6,0.01,1.4,Low,GOODWATER,FALSE,
Ekiti,7.55,5.34,Borehole,Motorized,3.4,6.5,0.01,1.6,Low,GOODWATER,FALSE,https://docs.google.com/spreadsheets/d/1FToRVkJzqzocmap_lmp5NO2xHdNg8BB5c135qmOT6Dc/edit?usp=drive_web&ouid=115760380907630335615
Ekiti,7.525,5.41,Borehole,Motorized,3.6,6.5,0.01,1.7,Low,GOODWATER,FALSE,https://docs.google.com/spreadsheets/d/1cwE-G2SouPEVSlyDngE3si-4mDjlrVMNh0-8SgJ7Wd0/edit
Ekiti,7.52,5.38,Borehole,Motorized,4.7,6.3,0.02,3.9,Moderate,WATERSCARCITY,TRUE,https://docs.google.com/spreadsheets/d/1oPbkOH0aGas63Xyyt-oQZ_FgCB-IunQXXeNue1oVZnY/edit?usp=drive_web&ouid=115760380907630335615
Ekiti,7.59,5.42,Borehole,Motorized,3.3,6.6,0.02,1.55,Low,GOODWATER,FALSE,https://docs.google.com/spreadsheets/d/1U_z8cRkcimkE_H3VP36KnMvppi4Mb18jW59x63gn2XU/edit?usp=drive_web&ouid=115760380907630335615
Ekiti,7.6,5.5,Borehole,Motorized,3,6.7,0.01,1.45,Low,GOODWATER,FALSE,https://docs.google.com/spreadsheets/d/1U_z8cRkcimkE_H3VP36KnMvppi4Mb18jW59x63gn2XU/edit?usp=drive_web&ouid=115760380907630335615
Lagos,6.601,3.34,Borehole,Motorized,4.5,6.3,0.02,3.8,Moderate,WATERSCARCITY,TRUE,https://docs.google.com/spreadsheets/d/1U_z8cRkcimkE_H3VP36KnMvppi4Mb18jW59x63gn2XU/edit?usp=drive_web&ouid=115760380907630335615
Lagos,6.51,3.35,Borehole,Motorized,1.8,6.8,0.01,0.9,Low,GOODWATER,FALSE,https://docs.google.com/spreadsheets/d/13wUp4ejomc24ISx3FRNMgNLrU8Y9eNSEfQq0mbDT6KQ/edit?usp=drive_web&ouid=115760380907630335615
Lagos,6.57,3.65,Borehole,Motorized,2,6.7,0.02,1.3,Low,GOODWATER,FALSE,https://docs.google.com/spreadsheets/d/1oAqZbUk1nGXjKuTbHTOQLtbgZtAblPEjSOjtknzNWa0/edit?gid=1334503002#gid=1334503002
Lagos,6.42,2.87,Borehole,Motorized,4.8,6.1,0.03,4,Moderate,WATERSCARCITY,TRUE,https://docs.google.com/spreadsheets/d/1Ys0P8psMZaF5Tf8qnm91GLpPbzNdIItba4OxdweFO6E/edit?gid=170074028#gid=170074028
Lagos,6.52,3.555,Borehole,Motorized,2.5,6.6,0.01,1,Low,GOODWATER,FALSE,https://docs.google.com/spreadsheets/d/1Ys0P8psMZaF5Tf8qnm91GLpPbzNdIItba4OxdweFO6E/edit?gid=170074028#gid=170074028
Lagos,6.61,3.53,Borehole,Motorized,2.8,6.7,0.01,1.2,Low,GOODWATER,FALSE,https://docs.google.com/spreadsheets/d/1m2VurL1vasdtYYuVFHM8Q2gsK4GpW9OlcezA6GwWfSQ/edit?usp=drive_web&ouid=115760380907630335615
Lagos,6.445,3.395,Borehole,Motorized,5.2,6,0.02,4.3,Moderate,WATERSCARCITY,TRUE,https://docs.google.com/spreadsheets/d/1NU_w5Xt-B3f21NjLVFimUuCtJEnICYjqRRlaa_UGZKo/edit?usp=drive_web&ouid=115760380907630335615
Lagos,6.43,3.425,Borehole,Motorized,1.9,6.8,0.01,0.8,Low,GOODWATER,FALSE,https://docs.google.com/spreadsheets/d/1WB7MczUn-JXnHFzSK7XkY7zq0cD5nWkRnVmQ8mMyRGA/edit?usp=drive_web&ouid=115760380907630335615
Lagos,6.565,3.345,Borehole,Hand Pumped,4.6,6.2,0.02,3.7,Moderate,WATERSCARCITY,TRUE,https://docs.google.com/spreadsheets/d/1ztmEoUrfPUvcP13p77dILIN9qe4qKSNpe7MADwRjczU/edit
Lagos,6.448,3.37,Borehole,Motorized,2.2,6.7,0.01,1.1,Low,GOODWATER,FALSE,https://docs.google.com/spreadsheets/d/1m-IXJKyCTu71mx4NrQqQ2KZiUrf2S5nwIDlO3qUVr6M/edit?gid=1109598142#gid=1109598142
Lagos,6.534,3.33,Borehole,Motorized,4.9,6.1,0.02,4.1,Moderate,WATERSCARCITY,TRUE,https://docs.google.com/spreadsheets/d/1ZrYf_KfD-bKrTh9eLfMz9grjYha-DhVkKrZp28jsyyk/edit?gid=2088047576#gid=2088047576
Lagos,6.582,3.325,Borehole,Motorized,2.7,6.5,0.01,1.4,Low,GOODWATER,FALSE,https://docs.google.com/spreadsheets/d/19yWKiq6upuLJRGikyaqYTNiX1CVSbnYRl2Cvx5B-OM4/edit?gid=602543130#gid=602543130
Lagos,6.605,3.336,Borehole,Motorized,2.4,6.6,0.01,1.3,Low,GOODWATER,FALSE,https://docs.google.com/spreadsheets/d/1zt_6gnuJ4h5CUOmYnTyC74g5U1-mEn3ZPFniEr9AmRI/edit?gid=562068115#gid=562068115
Ogun,6.865,3.902,Borehole,Motorized,2.8,6.7,0.01,1.1,Low,GOODWATER,FALSE,
Ogun,6.902,3.859,Borehole,Motorized,2.5,6.6,0.01,0.9,Low,GOODWATER,FALSE,
Ogun,6.888,3.83,Borehole,Motorized,4.9,6.3,0.02,3.7,Moderate,WATERSCARCITY,TRUE,https://docs.google.com/spreadsheets/d/1zt_6gnuJ4h5CUOmYnTyC74g5U1-mEn3ZPFniEr9AmRI/edit?gid=562068115#gid=562068115
Ogun,6.957,3.942,Borehole,Motorized,5.1,6.1,0.03,4,Moderate,WATERSCARCITY,TRUE,https://docs.google.com/spreadsheets/d/1-6-8WkBeS37-OqWeQzjNXbIisk_ZFW7Y7GhnKUDswls/edit?gid=495947167#gid=495947167
Ogun,6.87,3.95,Borehole,Motorized,2.9,6.6,0.01,1.2,Low,GOODWATER,FALSE,https://docs.google.com/spreadsheets/d/1QI98lbIGO-FjWVcKbuCF6H0dCnr3rGpTxKagf1IO0n0/edit?gid=1120737728#gid=1120737728
Ogun,6.83,3.72,Borehole,Motorized,5,6.2,0.02,3.9,Moderate,WATERSCARCITY,TRUE,https://docs.google.com/spreadsheets/d/1AM8xHukO2hR4gINw1D2_uiyANRbjaXYRnbtKsJQX0Dc/edit?gid=1118939428#gid=1118939428
Ogun,6.825,3.65,Borehole,Motorized,4.7,6.3,0.02,3.6,Moderate,WATERSCARCITY,TRUE,https://docs.google.com/spreadsheets/d/1wSf7fQaW_st5G2yA8xUYM2HWeZvlZTV11OkI9nTOL7o/edit?gid=1157027193#gid=1157027193
Ogun,6.85,3.67,Borehole,Motorized,2.6,6.5,0.01,1,Low,GOODWATER,FALSE,https://docs.google.com/spreadsheets/d/1FLPTXl0T06LEIQNhe2cg6rXKzPJeiAEiruahUxhZQU8/edit?gid=362702320#gid=362702320
Ogun,7.15,3.32,Borehole,Motorized,3,6.7,0.01,1.3,Low,GOODWATER,FALSE,https://docs.google.com/spreadsheets/d/1zMi9-X1XbYDMhP3j0YWRZuumCIdBPvuhOdrEzrZ7424/edit?gid=1864484770#gid=1864484770
Ogun,6.82,3.64,Borehole,Motorized,4.8,6.2,0.02,3.8,Moderate,WATERSCARCITY,TRUE,https://docs.google.com/spreadsheets/d/1R1djDr-8UVHl45sO_Q42q2_FMvRNMi2lEoTXRm7UhoY/edit?gid=657852196#gid=657852196
Ogun,6.86,3.58,Borehole,Hand Pumped,2.7,6.6,0.01,1.1,Low,GOODWATER,FALSE,https://docs.google.com/spreadsheets/d/1qNMML2yTZyuKiHQiSHceSEo-TQ4C1LD2bEy7E30Uurk/edit?gid=747146257#gid=747146257
Ogun,6.8,3.6,Borehole,Motorized,3.1,6.5,0.01,1.4,Low,GOODWATER,FALSE,https://docs.google.com/spreadsheets/d/1bXEON-AFlSPI0QKUBtn9N4b5CSAorsdqpnU25mwkmTE/edit?gid=1204613664#gid=1204613664
Ogun,7.1,3.41,Borehole,Hand Pumped,2.9,6.6,0.01,1.2,Low,GOODWATER,FALSE,https://docs.google.com/spreadsheets/d/1kL6YfdmUs9ep76cc0yrHvVA3fGvRbrw9fganp9zK6lE/edit?gid=1480106126#gid=1480106126
Ondo,7.264,5.193,Borehole,Motorized,3.5,6.7,0.02,1.6,Low,GOODWATER,FALSE,https://docs.google.com/spreadsheets/d/1tFrS3k_Ii2qD6r3hkx0J0KSoSjfiUFi-WMgE--SBp9c/edit?gid=12645629#gid=12645629
Ondo,7.27,5.2,Borehole,Motorized,3.3,6.6,0.01,1.4,Low,GOODWATER,FALSE,https://docs.google.com/spreadsheets/d/12jG74WNJ2HtJzz2akih3y2D7CjqEgYcbB-ovTz_Fmuk/edit?gid=790911288#gid=790911288
Ondo,7.1,5.1,Borehole,Motorized,4.8,6.3,0.03,3.9,Moderate,WATERSCARCITY,TRUE,https://docs.google.com/spreadsheets/d/1Ws_tKw4XJBTAd65HB_45sXF2vbbSvbFQNAa168hNB5g/edit?gid=503866359#gid=503866359
Ondo,7.5,5.4,Borehole,Motorized,3.2,6.7,0.02,1.5,Low,GOODWATER,FALSE,https://docs.google.com/spreadsheets/d/1nG88CKdHdW6CmkCkukLAaXQjXYVjJzAlnFufRwTOc7o/edit?gid=1094985803#gid=1094985803
Ondo,6.87,5.37,Borehole,Motorized,4.9,6.2,0.03,4,Moderate,WATERSCARCITY,TRUE,https://docs.google.com/spreadsheets/d/1aGiH7cdDquPMdrN2XkVNIuntWYe78FNYyQ7EWg9j0Ys/edit?gid=764439460#gid=764439460
Ondo,6.79,5.17,Borehole,Motorized,3.1,6.6,0.01,1.3,Low,GOODWATER,FALSE,https://docs.google.com/spreadsheets/d/1ZXPLSs726AbJGdEmiC-AGJIL8Yw4cMDKarZii-cuizo/edit?gid=491363093#gid=491363093
Ondo,7.52,5.41,Borehole,Hand Pumped,5,6.1,0.03,3.8,Moderate,WATERSCARCITY,TRUE,https://docs.google.com/spreadsheets/d/1hA5pcSGaVJvjYyZpYAomYhlOFwzOccuQ/edit?usp=drive_web&ouid=115760380907630335615&rtpof=true
Ondo,7.26,5.59,Borehole,Motorized,3.3,6.5,0.01,1.6,Low,GOODWATER,FALSE,https://docs.google.com/spreadsheets/d/1Grf9QIsE3Iew4lj0kqtVHWuaDRtGvxLt/edit?gid=1950721304#gid=1950721304
Ondo,7.32,5.52,Borehole,Motorized,3,6.7,0.01,1.4,Low,GOODWATER,FALSE,https://docs.google.com/spreadsheets/d/1A6m1_esLZXnaQRv5_bTELuYgELztoDSY/edit?usp=drive_web&ouid=115760380907630335615&rtpof=true
Ondo,7.21,5.49,Borehole,Motorized,3.6,6.6,0.01,1.5,Low,GOODWATER,FALSE,https://docs.google.com/spreadsheets/d/1xDEB51DJFc1UJcCQkr9BzQmu_0jwSCq5/edit?usp=drive_web&ouid=115760380907630335615&rtpof=true
Ondo,6.94,5.561,Borehole,Motorized,4.7,6.3,0.02,3.7,Moderate,WATERSCARCITY,TRUE,https://docs.google.com/spreadsheets/d/1TiYED6j6HnuIJv90bttSJlA6sFSWybmA/edit?usp=drive_web&ouid=115760380907630335615&rtpof=true
Ondo,7.25,5.46,Borehole,Motorized,3.2,6.5,0.01,1.4,Low,GOODWATER,FALSE,https://docs.google.com/spreadsheets/d/1LXSgsjlpMhjS-HUeTLU7XiTfI3zXL7eM/edit?usp=drive_web&ouid=115760380907630335615&rtpof=true
Ondo,7.09,5.493,Borehole,Motorized,5.1,6.1,0.03,4.1,Moderate,WATERSCARCITY,TRUE,https://docs.google.com/spreadsheets/d/19JwRUC9c6QNo5nPTOWAsnV6ak8Gzk90D/edit?rtpof=true
Osun,7.633,4.857,Borehole,Motorized,3.8,6.5,0.01,1.2,Low,GOODWATER,FALSE,https://docs.google.com/spreadsheets/d/1An7dyTquiCUHC9PNndOXi5fbocFc2KXE/edit?rtpof=true
Osun,7.633,4.183,Borehole,Motorized,5.2,6.1,0.02,4.3,Moderate,WATERSCARCITY,TRUE,https://docs.google.com/spreadsheets/d/1hVlST_setdzfq2Av2nvO4z80e2Q7LfoF/edit?rtpof=true
Osun,7.766,4.567,Borehole,Motorized,3.2,6.7,0.01,1.4,Low,GOODWATER,FALSE,https://docs.google.com/spreadsheets/d/1YSwOnh5HRzOwePSwuc-Rz89AHtCuWRb5/edit?rtpof=true
Osun,7.683,4.733,Borehole,Hand Pumped,3,6.6,0.01,1.3,Low,GOODWATER,FALSE,https://docs.google.com/spreadsheets/d/1m9XVCynSLPqEa7Hwd2qCGcW-cb0C7jlR/edit?usp=drive_web&ouid=115760380907630335615&rtpof=true
Osun,7.666,4.283,Borehole,Motorized,4.9,6.2,0.02,3.9,Moderate,WATERSCARCITY,TRUE,https://docs.google.com/spreadsheets/d/1fHj2itpUBTp_ow7Ojs2M9I5wS-FJi3Go/edit?usp=drive_web&ouid=115760380907630335615&rtpof=true
Osun,7.65,4.533,Borehole,Motorized,3.1,6.5,0.01,1.1,Low,GOODWATER,FALSE,https://drive.google.com/drive/folders/1XmnSYUYuyfL9ce-vpAZmuwrQPBmStU9r
Osun,7.616,4.75,Borehole,Motorized,3.3,6.6,0.01,1.6,Low,GOODWATER,FALSE,https://docs.google.com/spreadsheets/d/19wa3yMBgeKw620cdlojI-xvBsZ0Cq2MG/edit?usp=drive_web&ouid=115760380907630335615&rtpof=true
Osun,7.9,4.364,Borehole,Motorized,5,6,0.03,4.1,Moderate,WATERSCARCITY,TRUE,https://docs.google.com/spreadsheets/d/1B0M-8O6hFJOsWfsZQQb79eCbYHzMeGdU/edit?usp=drive_web&ouid=115760380907630335615&rtpof=true
Osun,7.703,4.918,Borehole,Motorized,3.4,6.7,0.01,1.5,Low,GOODWATER,FALSE,https://docs.google.com/spreadsheets/d/1YTOEiCAZFY3hklj4KL9Ssx6vDyNCAqbM/edit?usp=drive_web&ouid=115760380907630335615&rtpof=true
Osun,7.6,4.723,Borehole,Hand Pumped,3.2,6.6,0.01,1.4,Low,GOODWATER,FALSE,https://docs.google.com/spreadsheets/d/1xVSG04s4gBCg6iG8J95bNf9IIw4pys7N/edit?usp=drive_web&ouid=115760380907630335615&rtpof=true
Osun,7.62,5,Borehole,Motorized,4.8,6.1,0.02,3.8,Moderate,WATERSCARCITY,TRUE,https://docs.google.com/spreadsheets/d/1rH61oyEhgg7v5Xfq4mlQico9ILPOzJjp/edit?usp=drive_web&ouid=115760380907630335615&rtpof=true
Osun,7.559,4.98,Borehole,Motorized,3.1,6.5,0.01,1.3,Low,GOODWATER,FALSE,https://docs.google.com/spreadsheets/d/17Etfaoj6vmtMaxlh-Tov7bhTDv1WaZeN/edit?usp=drive_web&ouid=115760380907630335615&rtpof=true
Osun,7.67,4.86,Borehole,Motorized,3,6.7,0.01,1.4,Low,GOODWATER,FALSE,https://docs.google.com/spreadsheets/d/1hRaR-HbmDFxVhZ_LzOBcc4SwZ5Hd44X-/edit?rtpof=true
Oyo,7.377,3.916,Borehole,Motorized,4.9,6.2,0.02,3.8,Moderate,WATERSCARCITY,TRUE,https://docs.google.com/spreadsheets/d/1ed0GDfhxAvt1iUg9uOEDEFeS4DAqHGPx/edit?usp=drive_web&ouid=115760380907630335615&rtpof=true
Oyo,7.36,3.92,Borehole,Motorized,3.1,6.7,0.01,1.4,Low,GOODWATER,FALSE,https://docs.google.com/spreadsheets/d/1hBfE-hpxfEy-pq9k8udUvSdhT062Qa_k/edit?usp=drive_web&ouid=115760380907630335615&rtpof=true
Oyo,7.442,4.23,Borehole,Hand Pumped,5,6.1,0.03,4,Moderate,WATERSCARCITY,TRUE,https://docs.google.com/spreadsheets/d/1dhXvOuPhutClUPfN12TgQ3rOz9Wj0aXY/edit?usp=drive_web&ouid=115760380907630335615&rtpof=true
Oyo,7.85,3.93,Borehole,Motorized,4.7,6.3,0.02,3.7,Moderate,WATERSCARCITY,TRUE,https://docs.google.com/spreadsheets/d/15x_zYsrdn6c_90nFNWdkbXkJIkJVEHNk/edit?rtpof=true
Oyo,7.89,3.47,Borehole,Motorized,3,6.6,0.01,1.3,Low,GOODWATER,FALSE,https://docs.google.com/spreadsheets/d/1slZNPFslXtuBo5WoP2qHazoXGUhbMCQR/edit?usp=drive_web&ouid=115760380907630335615&rtpof=true
Oyo,7.83,3.77,Borehole,Motorized,3.2,6.5,0.01,1.5,Low,GOODWATER,FALSE,https://docs.google.com/spreadsheets/d/1h0U_ALkUkIqgW1JIE8a_9wBbeHvsqzmi/edit?usp=drive_web&ouid=115760380907630335615&rtpof=true
Oyo,7.71,3.98,Borehole,Motorized,3.3,6.7,0.01,1.6,Low,GOODWATER,FALSE,https://docs.google.com/spreadsheets/d/1QVfs0ZEPBOlnmZQyqgu_GMbFDicd-fIC/edit?rtpof=true
Oyo,7.92,3.91,Borehole,Motorized,4.8,6.2,0.02,3.9,Moderate,WATERSCARCITY,TRUE,https://docs.google.com/spreadsheets/d/1n8G_Brz5sVO7nfR6rAJNPwgP-iIvtSzL/edit?usp=drive_web&ouid=115760380907630335615&rtpof=true
Oyo,7.91,4.01,Borehole,Motorized,3.1,6.6,0.01,1.4,Low,GOODWATER,FALSE,https://docs.google.com/spreadsheets/d/1YDRufCCS2nDfP24nDHehvvyRDH5VuxdD/edit?usp=drive_web&ouid=115760380907630335615&rtpof=true
Oyo,7.72,3.62,Borehole,Motorized,5.1,6.1,0.03,4.1,Moderate,WATERSCARCITY,TRUE,https://docs.google.com/spreadsheets/d/1c9RMGi4nUzY7rVusBAdH8zoc4JrJIljd/edit?usp=drive_web&ouid=115760380907630335615&rtpof=true
Oyo,7.67,3.68,Borehole,Motorized,3,6.7,0.01,1.3,Low,GOODWATER,FALSE,https://docs.google.com/spreadsheets/d/1AwvDKhvnEceJPtjdR5wWy862PM7vOy2R/edit?usp=drive_web&ouid=115760380907630335615&rtpof=true
Oyo,7.62,3.6,Borehole,Motorized,3.2,6.5,0.01,1.4,Low,GOODWATER,FALSE,https://docs.google.com/spreadsheets/d/1Gf2byQeFhajrlXUEKDA35y0PsYeavfg-/edit?usp=drive_web&ouid=115760380907630335615&rtpof=true
Oyo,7.6,3.65,Borehole,Motorized,3.1,6.6,0.01,1.5,Low,GOODWATER,FALSE,https://docs.google.com/spreadsheets/d/1m6DSlO_jFMrsa6RZBuchgIAY-kDPcwLE/edit?usp=drive_web&ouid=115760380907630335615&rtpof=true
Rivers,4.815,7.035,Borehole,Motorized,5.5,6,0.04,5.6,High,WATERCONTAMINATION,TRUE,https://docs.google.com/spreadsheets/d/1I5Zz6alKCJZGlw6MJITmQZW2C95xWDJ-/edit?usp=drive_web&ouid=115760380907630335615&rtpof=true
Rivers,4.815,7.005,Borehole,Motorized,3.2,6.5,0.02,1.2,Low,GOODWATER,FALSE,https://docs.google.com/spreadsheets/d/1kcF6n3R-Rk1G3JxSrzijUlO8pk2ye7t6/edit?usp=drive_web&ouid=115760380907630335615&rtpof=true
Rivers,4.8,7.01,Borehole,Motorized,6,5.9,0.05,6.1,High,WATERCONTAMINATION,TRUE,https://docs.google.com/spreadsheets/d/1f0nGvcERFvOZ9S5Koh0eW24X5aKs5G5a/edit?usp=drive_web&ouid=115760380907630335615&rtpof=true
Rivers,4.77,6.955,Borehole,Motorized,3.4,6.4,0.02,1.4,Low,GOODWATER,FALSE,https://docs.google.com/spreadsheets/d/1J5jFicj7GvOu2sDZYjXAYQiTdHRqE_7Q/edit?usp=drive_web&ouid=115760380907630335615&rtpof=true
Rivers,5.15,6.985,Borehole,Motorized,5.8,6,0.03,5.2,Moderate,WATERSCARCITY,TRUE,https://docs.google.com/spreadsheets/d/1DlWIrAT5EcXWT0LMGvd6PoacZthj_Ycc/edit?rtpof=true
Rivers,4.45,7.25,Borehole,Motorized,3.3,6.6,0.01,1.3,Low,GOODWATER,FALSE,https://docs.google.com/spreadsheets/d/1QRkn7Fn8AVYEe80x0lqSRnj-LpqmivbJ/edit?rtpof=true
Rivers,5.16,6.93,Borehole,Motorized,5.9,6.1,0.04,5.8,Moderate,WATERSCARCITY,TRUE,https://docs.google.com/spreadsheets/d/1Q8LjS-jBQ5s5F4gXiqrlpDdZSATXo0lZ/edit?rtpof=true
Rivers,5.84,7.25,Borehole,Motorized,3.5,6.7,0.01,1.5,Low,GOODWATER,FALSE,https://docs.google.com/spreadsheets/d/13yJ0uZBY74MOUSjCC4_-PErb_9ijuzWm/edit?usp=drive_web&ouid=115760380907630335615&rtpof=true
Rivers,4.905,6.735,Borehole,Motorized,5.6,6.2,0.03,5,Moderate,WATERSCARCITY,TRUE,https://docs.google.com/spreadsheets/d/1jr4WuZJk9_5pVlnd8Lshv9VR68GRIpnl/edit?usp=drive_web&ouid=115760380907630335615&rtpof=true
Rivers,4.8,7.3,Borehole,Motorized,3,6.5,0.01,1.4,Low,GOODWATER,FALSE,https://docs.google.com/spreadsheets/d/1pzGuF5jgAza2qNMj9RmVI4sFYWF_FEj_D5mJKe2KqJU/edit
Rivers,4.82,7.15,Borehole,Motorized,3.4,6.6,0.01,1.5,Low,GOODWATER,FALSE,https://docs.google.com/spreadsheets/d/1qNzs6WHlwHVYB-sO1vy3hyIjb5A6HTyR1nvte2tgiDg/edit?usp=drive_web&ouid=115760380907630335615
Rivers,4.58,7.22,Borehole,Hand Pumped,5.7,6.1,0.02,5.4,Moderate,WATERSCARCITY,TRUE,https://docs.google.com/spreadsheets/d/1G9EYCpxkGPpV-6S9SiX9KYCSYtu2UGiHIm7bE2wBieU/edit?gid=1616881174#gid=1616881174
Rivers,4.74,7.07,Borehole,Motorized,3.3,6.5,0.01,1.3,Low,GOODWATER,FALSE,https://docs.google.com/spreadsheets/d/1nKxSPu_nDtPTtlMdbHT32uXCJUrga2aTUEQkEJouO4U/edit?usp=drive_web&ouid=115760380907630335615
Imo,5.492,7.035,Borehole,Motorized,5.4,6.2,0.02,4.8,Moderate,WATERSCARCITY,TRUE,https://docs.google.com/spreadsheets/d/1N2f_WcxcfVGz6CHa6TDgwAwj_lOLTMvJqtBYJMkB4QY/edit
Imo,5.491,7.035,Borehole,Motorized,3.2,6.4,0.01,1.3,Low,GOODWATER,FALSE,https://docs.google.com/spreadsheets/d/1Qd4N3yEtnDm97NC6vmoBtPqqxdU1pIBTLbAbyCNjtik/edit?usp=drive_web&ouid=115760380907630335615
Imo,5.542,7.49,Borehole,Motorized,5.7,6.1,0.02,5.1,Moderate,WATERSCARCITY,TRUE,https://docs.google.com/spreadsheets/d/1VsIESUPpYID4yTWOXIryZQa3PioJxoM2HzTIVFtIkY4/edit
Imo,5.657,7.05,Borehole,Motorized,3.1,6.6,0.01,1.4,Low,GOODWATER,FALSE,https://docs.google.com/spreadsheets/d/16co4U4zZIoxy57Ml7ZjpPtgrsBx7IKQ9cp_jGgsu25A/edit?gid=1345952370#gid=1345952370
Imo,5.494,7.03,Borehole,Hand Pumped,3.3,6.5,0.01,1.6,Low,GOODWATER,FALSE,https://docs.google.com/spreadsheets/d/1amdBGiOYVZ3a70J43Vum99xx_GHRDfw2RbbkgZNd840/edit?gid=507314660#gid=507314660
Imo,5.562,7.061,Borehole,Motorized,5,6.2,0.03,3.9,Moderate,WATERSCARCITY,TRUE,https://docs.google.com/spreadsheets/d/1TAbf_luL_g5cscWVjFWVbP5h8YOGqACvn-fbiBAO1Ow/edit?gid=528245845#gid=528245845
Imo,5.448,7.02,Borehole,Motorized,3.1,6.6,0.02,1.5,Low,GOODWATER,FALSE,https://docs.google.com/spreadsheets/d/1aoDV4fFROLYWJRdAIuM4k_0AMUK-L3NaLuqwyGa6yU0/edit?gid=234094446#gid=234094446
Imo,5.44,7.1,Borehole,Motorized,5.5,6,0.03,4.5,Moderate,WATERSCARCITY,TRUE,https://docs.google.com/spreadsheets/d/1pZA7ydw29G1i_EtRwinyny3u6lqAzUGznZzbT7aW5Cw/edit?gid=884327945#gid=884327945
Imo,5.521,7.04,Borehole,Motorized,3.2,6.6,0.01,1.4,Low,GOODWATER,FALSE,https://docs.google.com/spreadsheets/d/1WLUxnROthCnB7EcUL75grteEhGAaavx-zW98snVLmSY/edit?gid=169022827#gid=169022827
Imo,5.534,7.065,Borehole,Motorized,3,6.8,0.01,1.3,Low,GOODWATER,FALSE,https://docs.google.com/spreadsheets/d/1WLUxnROthCnB7EcUL75grteEhGAaavx-zW98snVLmSY/edit?gid=169022827#gid=169022827
Imo,5.58,7.075,Borehole,Hand Pumped,4.9,6.3,0.02,4,Moderate,WATERSCARCITY,TRUE,https://docs.google.com/spreadsheets/d/1WWPNQ4FkUG1VejTJsQ1Nlrj2NHTdLnCdu8QR7FNW714/edit?gid=493096338#gid=493096338
Imo,5.59,7.08,Borehole,Motorized,3.1,6.7,0.01,1.4,Low,GOODWATER,FALSE,https://docs.google.com/spreadsheets/d/1TVSHin51m1cgM-VUETwhW_GuVFjtonNBG_2ELGMUfLM/edit
Imo,5.61,7.09,Borehole,Motorized,3.3,6.6,0.01,1.5,Low,GOODWATER,FALSE,https://docs.google.com/spreadsheets/d/17F1iMG5W_nlgznTr_-mJgHN5KCF4bWDFhojVRgKrXTA/edit?usp=drive_web&ouid=115760380907630335615
Abia,5.106,7.371,Borehole,Motorized,5.3,6,0.04,620,High,WATERCONTAMINATION,TRUE,https://docs.google.com/spreadsheets/d/1ni4X3AMoXnmphy-y5AbtDtLn7g72qNtr-fOkG2FjAWA/edit?gid=358173565#gid=358173565
Abia,5.521,7.49,Borehole,Motorized,4.8,6.2,0.03,450,Moderate,WATERSCARCITY,TRUE,https://docs.google.com/spreadsheets/d/1-5KI_qSkmRbioLDG7J8gtasHD7Cll8-EBfGOgegeEb4/edit?gid=594608789#gid=594608789
Abia,5.533,7.016,Borehole,Motorized,3.2,6.7,0.01,120,Low,GOODWATER,FALSE,https://docs.google.com/spreadsheets/d/12uloprP2PWAAQSSDdYwnWMS2sMzMJ6VX7BaDBlakDq4/edit?gid=572703443#gid=572703443
Abia,5.416,7.55,Borehole,Motorized,4.9,6.1,0.02,400,Moderate,WATERSCARCITY,TRUE,https://docs.google.com/spreadsheets/d/10c40C5xV_F0A8V_gumJGXXHH5uL9T2lCnFDBvMacVlk/edit
Abia,5.501,7.897,Borehole,Motorized,3.4,6.5,0.01,130,Low,GOODWATER,FALSE,https://docs.google.com/spreadsheets/d/1bx5Ei4sy21-sXNvCebnUJBNaiubHej7XpekKaxFxugY/edit?gid=1978730474#gid=1978730474
Abia,5.327,7.412,Borehole,Motorized,5,6.2,0.03,380,Moderate,WATERSCARCITY,TRUE,https://docs.google.com/spreadsheets/d/1taMHPabvCmUyTpW38gBVODU3ddvOQepkTbtwoK8qTV4/edit?gid=1272110159#gid=1272110159
Abia,5.453,7.753,Borehole,Motorized,4.7,6.3,0.02,350,Moderate,WATERSCARCITY,TRUE,https://docs.google.com/spreadsheets/d/1wUXcjrKImbEfSrQf5KZfvtZ5dp6h0yW8QkejWIUpUxs/edit?gid=1525180414#gid=1525180414
Abia,5.099,7.455,Borehole,Motorized,3,6.7,0.01,100,Low,GOODWATER,FALSE,https://docs.google.com/spreadsheets/d/1mFWYpW2zrzhAjdHIOqm2DJ6jj77JQv_bTpnCufeNdxE/edit
Abia,5.212,7.633,Borehole,Motorized,5.2,6,0.03,400,Moderate,WATERSCARCITY,TRUE,https://docs.google.com/spreadsheets/d/1e63BDLFLxy7bymMdtoD6LkivDGcX6SYhoiGHtrpF-UM/edit?gid=511181822#gid=511181822
Abia,5.525,7.489,Borehole,Motorized,3.1,6.7,0.01,110,Low,GOODWATER,FALSE,https://docs.google.com/spreadsheets/d/1mFWYpW2zrzhAjdHIOqm2DJ6jj77JQv_bTpnCufeNdxE/edit?gid=69760498#gid=69760498
Abia,5.295,7.437,Borehole,Motorized,5,6.1,0.02,370,Moderate,WATERSCARCITY,TRUE,https://docs.google.com/spreadsheets/d/11DroWVthX1YsJWNJzJojkh_nXB773FkC-DOmJqQZNKE/edit?gid=528871581#gid=528871581
Abia,5.328,7.299,Borehole,Motorized,3.3,6.6,0.01,140,Low,GOODWATER,FALSE,https://docs.google.com/spreadsheets/d/1PQpiKsr72VPlt9Y2DuNjBCZp_JSukfePLuXL5eC9q0U/edit?gid=1641359511#gid=1641359511
Abia,5.246,7.377,Borehole,Motorized,5.1,6.2,0.03,390,Moderate,WATERSCARCITY,TRUE,https://docs.google.com/spreadsheets/d/1aK90lgOOg1Uo9ZcgJ0UtfLyznf9CeoxUn9Tz4F1SYtw/edit?gid=1739828496#gid=1739828496
Akwa Ibom,5.033,7.92,Borehole,Motorized,3.4,6.5,0.01,1.3,Low,GOODWATER,FALSE,https://docs.google.com/spreadsheets/d/1WJNiqRf2kCagH8qT0PY2dt1IEJTfgR6smzzexU0uWsA/edit
Akwa Ibom,4.93,7.88,Borehole,Motorized,5.1,6.1,0.02,3.9,Moderate,WATERSCARCITY,TRUE,https://docs.google.com/spreadsheets/d/1lWj4Zwvh-qClWspgWadUwxuwXBTbDD1pX4AEaPPEPok/edit?gid=989486329#gid=989486329
Akwa Ibom,5.086,7.749,Borehole,Motorized,3.3,6.6,0.01,1.4,Low,GOODWATER,FALSE,https://drive.google.com/drive/folders/1XmnSYUYuyfL9ce-vpAZmuwrQPBmStU9r
Akwa Ibom,5.14,7.87,Borehole,Motorized,3.2,6.7,0.01,1.2,Low,GOODWATER,FALSE,https://docs.google.com/spreadsheets/d/13VTvVaZvbttuTKmdy-41IfVhyDx8_-JjUJK67HT6JhA/edit?gid=835588799#gid=835588799
Akwa Ibom,4.63,7.947,Borehole,Motorized,5.3,6,0.03,4.2,Moderate,WATERSCARCITY,TRUE,https://docs.google.com/spreadsheets/d/1FeJLgdsTvb3Yh4ubHc0ePi-BSlIE-Qs2u_KXupsyYKQ/edit
Akwa Ibom,5.3,7.92,Borehole,Motorized,3,6.6,0.01,1.5,Low,GROUNDWATERPOTENTIAL,FALSE,https://docs.google.com/spreadsheets/d/1Gt6ExormG3tcHSIoWPIQh31leaNCvuIqLTOwA-xJRN4/edit?gid=554454924#gid=554454924
Akwa Ibom,4.99,7.98,Borehole,Motorized,3.1,6.5,0.01,1.4,Low,GOODWATER,FALSE,https://docs.google.com/spreadsheets/d/1Gt6ExormG3tcHSIoWPIQh31leaNCvuIqLTOwA-xJRN4/edit?gid=554454924#gid=554454924
Akwa Ibom,4.95,7.975,Borehole,Motorized,3.4,6.7,0.01,1.3,Low,GOODWATER,FALSE,https://docs.google.com/spreadsheets/d/1aMGk7Nr3EC1NH-KyB6l5WrwmMfPAgm8ebbEAw_aqIpU/edit?gid=311873261#gid=311873261
Akwa Ibom,4.8,7.91,Borehole,Hand Pumped,4.9,6.1,0.02,3.8,Moderate,WATERSCARCITY,TRUE,https://docs.google.com/spreadsheets/d/110K3s99igPoJtD7ADND92WmkB232Y5sf94EAsY4eGG8/edit?gid=870966677#gid=870966677
Akwa Ibom,4.67,7.95,Borehole,Motorized,3.6,6.4,0.01,1.2,Low,GOODWATER,FALSE,https://docs.google.com/spreadsheets/d/1gQ7VU1dWtY2KrLZ815gllVAE-xaVHqixTPs62smhZaw/edit?gid=524311698#gid=524311698
Akwa Ibom,5,7.88,Borehole,Motorized,3.2,6.6,0.01,1.3,Low,GOODWATER,FALSE,https://docs.google.com/spreadsheets/d/1IcGeQKlwBWSVuhd7_JnNOq_4UVz2FUYrQ1e6IOOIGsU/edit
Akwa Ibom,5.02,7.93,Borehole,Motorized,3.1,6.7,0.01,1.4,Low,GROUNDWATERPOTENTIAL,FALSE,https://docs.google.com/spreadsheets/d/1an702U0mNqwTK6g-dQbHXVbyQNhcsLIiOThVIey5PL4/edit
Akwa Ibom,4.85,7.99,Borehole,Motorized,5,6,0.03,4,Moderate,WATERSCARCITY,TRUE,https://docs.google.com/spreadsheets/d/1U-llGXAzzYXU5ZAXXDriw_FldBxyoew5yUSsrYB1O6M/edit?gid=484101476#gid=484101476
Plateau,9.518838,8.65419,Borehole,Motorized,12.1,8.1,0.26,0.18,Moderate,GOODWATER,TRUE,https://docs.google.com/spreadsheets/d/1HQ7Okuwj9j-LFbFNJNv5969lvOUF_KlIkH38pdRzwMQ/edit?usp=drive_web&ouid=115760380907630335615
Plateau,9.591275,8.441699,Borehole,Motorized,6.6,8.13,0.51,0.53,High,GROUNDWATER POTENTIAL,FALSE,https://docs.google.com/spreadsheets/d/1_n-oV56yzGOlsiE0sTWYq-fXl4Ub70TxjbDn7PUbzlU/edit?usp=drive_web&ouid=115760380907630335615
Plateau,9.399003,9.42268,Borehole,Motorized,5.2,7.42,0.58,0.65,Low,WATERSCARCITY,TRUE,https://docs.google.com/spreadsheets/d/1FeYDmIcQfWWmVWah9KqpsFdOqTO8CM_wQBexpwI7yAg/edit?usp=drive_web&ouid=115760380907630335615
Plateau,9.054762,9.145409,Borehole,Hand pump,7.9,6.31,0.68,0.21,Low,GROUNDWATER POTENTIAL,FALSE,https://docs.google.com/spreadsheets/d/1B_beQwj3-mwODzG_VZLkL10o96c6DIMfY0-n3hcxe0g/edit?usp=drive_web&ouid=115760380907630335615
Plateau,9.335197,8.21017,Borehole,Motorized,7.2,6.93,0.43,0.24,Low,WATERSCARCITY,TRUE,https://docs.google.com/spreadsheets/d/16QLynKpGBVtlLDzex5y9Mw0ScfQ27YJpkcdl_zN0s9U/edit?usp=drive_web&ouid=115760380907630335615
Plateau,9.802853,9.302702,Borehole,Hand pump,7.3,7.66,0.76,0.68,Low,WATERSCARCITY,FALSE,https://drive.google.com/drive/folders/1XmnSYUYuyfL9ce-vpAZmuwrQPBmStU9r
Plateau,9.004632,8.731147,Borehole,Hand pump,6.6,8.46,0.89,0.21,Low,WATERCONTAMINATION,TRUE,https://docs.google.com/spreadsheets/d/1g48_d6DAZpyRWu-7L4AlVEnyd4xyDjGWpF0DVhDDFfw/edit?usp=drive_web&ouid=115760380907630335615
Plateau,9.333499,9.341828,Borehole,Motorized,4.5,7.69,0.82,0.61,Low,WATERSCARCITY,FALSE,https://docs.google.com/spreadsheets/d/1KQFyIBGujk6GOsdDO0nB5Cua9-5VKVlk848noU1YSvY/edit?usp=drive_web&ouid=115760380907630335615
Plateau,9.398169,9.199783,Borehole,Hand pump,4.2,6.87,0.23,0.4,Low,WATERCONTAMINATION,TRUE,https://docs.google.com/spreadsheets/d/15rgi2kK3RKLH85a61v41LPoyhtdk-hf5MEf2vCPbJkI/edit?usp=drive_web&ouid=115760380907630335615
Plateau,9.537396,8.63782,Borehole,Motorized,14.9,7.69,0.58,0.25,Low,WATERCONTAMINATION,TRUE,https://docs.google.com/spreadsheets/d/147lDlbBEHTV9V7kUm2MaMTGrjxEZv88YbdjPupbXQkU/edit
Plateau,9.919856,8.033704,Borehole,Motorized,8.7,7.49,0.28,0.62,High,WATERCONTAMINATION,TRUE,https://docs.google.com/spreadsheets/d/1VS2etBDLB381NxlGM42BKVlY4-ntdViFSy3KomnGqQI/edit?usp=drive_web&ouid=115760380907630335615
Plateau,9.346346,8.403016,Borehole,Motorized,8.2,8.02,0.39,0.37,Low,GOODWATER,FALSE,https://docs.google.com/spreadsheets/d/11zGNKabWxGquZaB-4ueHeQ0isCUmkOjMS32uLiSFQZA/edit
Plateau,9.346953,8.812451,Borehole,Motorized,11.5,6.54,0.99,0.41,High,GOODWATER,TRUE,https://docs.google.com/spreadsheets/d/1IlBgZPaSSj7QyhYe1fanpe6DxgiyBzH3mXpD3uIvIW4/edit
Plateau,9.737501,8.950217,Borehole,Motorized,6.4,7.97,0.31,0.32,Moderate,WATERSCARCITY,FALSE,https://docs.google.com/spreadsheets/d/1IlBgZPaSSj7QyhYe1fanpe6DxgiyBzH3mXpD3uIvIW4/edit?usp=drive_web&ouid=115760380907630335615
Plateau,9.452218,8.386832,Borehole,Hand pump,14.4,7.49,0.6,0.46,Low,WATERCONTAMINATION,FALSE,https://docs.google.com/spreadsheets/d/1ybijVbBPflhkpIWGpt5AYQLV_y8NinGPIbiuQNg6hpY/edit
Plateau,9.224605,8.209034,Borehole,Hand pump,12.6,8.42,0.69,0.2,Moderate,GOODWATER,TRUE,https://docs.google.com/spreadsheets/d/1LJUZAuFByirPvYZJ4iFfcUfH2-LkUIOuaxwyt9gh2lI/edit?usp=drive_web&ouid=115760380907630335615
Plateau,9.45244,9.252395,Borehole,Hand pump,5,7.05,0.76,0.33,Moderate,WATERCONTAMINATION,TRUE,https://docs.google.com/spreadsheets/d/1ilawky9ewMQiGAFkQpnuKrEnC6RSHFU5yqWbezB4vek/edit?usp=drive_web&ouid=115760380907630335615
Plateau,9.140857,9.476603,Borehole,Motorized,8.6,7.69,0.65,0.68,Moderate,GROUNDWATER POTENTIAL,TRUE,https://docs.google.com/spreadsheets/d/14ZqVeBT6GEpG3mu5Xts5wFufxFmOanHWa8RrJwkNjqw/edit?gid=1233044745#gid=1233044745
Plateau,9.176387,8.788535,Borehole,Motorized,13.7,8.35,0.21,0.25,High,GROUNDWATER POTENTIAL,FALSE,https://docs.google.com/spreadsheets/d/1TIimm9qZ59kq0ST4m8a86NyG4rYJxIXYEyiBY2HLa2M/edit?gid=1391152106#gid=1391152106
Plateau,9.498368,8.257519,Borehole,Motorized,14.4,6.53,0.46,0.49,Moderate,GROUNDWATER POTENTIAL,TRUE,https://docs.google.com/spreadsheets/d/1-o5j2NOjmphqzeHtlC7ydpwI5GdNOZR6ULVvT3B0cLM/edit?gid=1255751760#gid=1255751760
Plateau,9.418925,8.408461,Borehole,Hand pump,9.1,8.36,0.61,0.3,Moderate,WATERSCARCITY,FALSE,https://docs.google.com/spreadsheets/d/1se3PR3cB8XnHtgRNVsufBUqo0OBAjQktHcRnWsOch4A/edit?gid=1637785466#gid=1637785466
Plateau,9.914846,8.027586,Borehole,Motorized,10.7,7.81,0.27,0.56,Moderate,WATERCONTAMINATION,FALSE,https://docs.google.com/spreadsheets/d/11Ht5yq7skOQQ4ZUEyyDCYhO7IC6sY58z0J5hNltDjyM/edit?gid=1374791065#gid=1374791065
Plateau,9.362394,9.371448,Borehole,Hand pump,5.8,6.45,0.48,0.18,Low,GROUNDWATER POTENTIAL,TRUE,https://docs.google.com/spreadsheets/d/1IdVBggTSz_v5ho3h6ZjPIDuat94kO1vDIrArFeG347w/edit
Plateau,9.580588,8.176627,Borehole,Hand pump,14.9,6.96,0.23,0.68,Low,GOODWATER,TRUE,https://docs.google.com/spreadsheets/d/1x0Q0A8Piu_76m2GBzKSaju9UodvD30ybVRo_Mhi6gG4/edit
Plateau,9.632264,8.864775,Borehole,Motorized,6.5,7.86,0.26,0.37,High,GROUNDWATER POTENTIAL,TRUE,https://docs.google.com/spreadsheets/d/1BjbCblu6Zvs5DJhjSAvAxcXtK6hyiwtQzh_ArSnjibw/edit?gid=1176919733#gid=1176919733
Plateau,9.013094,8.411083,Borehole,Motorized,14.4,6.45,0.52,0.24,High,GROUNDWATER POTENTIAL,TRUE,https://docs.google.com/spreadsheets/d/1w_3Bs-ck-a8z4HmOy3Sbas3zs74Kl-Dq4BCT1o85WZU/edit?gid=1180424168#gid=1180424168
Plateau,9.663537,8.831267,Borehole,Hand pump,11.1,7.58,0.31,0.14,Low,GROUNDWATER POTENTIAL,TRUE,https://docs.google.com/spreadsheets/d/1duY4fEhwTJEWQQoSfJ0HdxBp2Au-3UldjQfVtkFGeQo/edit?gid=1475941290#gid=1475941290
Plateau,9.178036,8.977131,Borehole,Motorized,10.7,7.06,0.65,0.2,High,WATERSCARCITY,TRUE,https://docs.google.com/spreadsheets/d/1B6n0nzfQ53rPO9JVbhBYoeRXe1TX4fwovHRH7Qmd5n8/edit?gid=1419706508#gid=1419706508
Plateau,9.96107,9.244613,Borehole,Hand pump,9.6,7.67,0.75,0.41,Low,GOODWATER,FALSE,https://docs.google.com/spreadsheets/d/1uDWE-HN_vNcY7MB7eMan-_JRCv_1DcZP06gsfDLFxxo/edit?gid=1826700905#gid=1826700905
Plateau,9.148663,8.309632,Borehole,Motorized,6.5,6.4,0.84,0.3,Moderate,WATERCONTAMINATION,FALSE,https://docs.google.com/spreadsheets/d/1LTjrSVyoDR_0w2gBEZY3j-RVCL3i9WBbwVIJ6vdnboc/edit?gid=1699017459#gid=1699017459
Plateau,9.414624,8.016494,Borehole,Motorized,5.9,8.22,0.36,0.6,Moderate,GOODWATER,FALSE,https://docs.google.com/spreadsheets/d/1Pv4njwKPGcsSBZJtUlpId2klK0F37w4kJKBtk6oddD4/edit?gid=925461274#gid=925461274
Plateau,9.08535,8.205328,Borehole,Hand pump,6.4,8.44,0.33,0.36,High,WATERCONTAMINATION,TRUE,https://docs.google.com/spreadsheets/d/1ioR0zdqIhUA15-e7jtKlbUfSrXCTUIrnlJ4aFI_QXWE/edit?gid=1081994309#gid=1081994309
Plateau,9.996874,9.350028,Borehole,Motorized,6.1,8.43,0.28,0.25,Low,WATERSCARCITY,FALSE,https://docs.google.com/spreadsheets/d/1EyHdP2xQ_Ix8kA1Dqy2-D95R8jsuVWekFmj5RD-9-j8/edit?gid=2008938499#gid=2008938499
Plateau,9.502195,9.310835,Borehole,Hand pump,12.6,7.95,0.71,0.47,Low,WATERSCARCITY,FALSE,https://docs.google.com/spreadsheets/d/1H29nqhpVRBbB3OYlcfPX9FmdNWSTQEbQZVD0qhxznQs/edit?gid=260158303#gid=260158303
Plateau,9.595385,8.89612,Borehole,Motorized,7.9,6.59,0.77,0.52,High,WATERSCARCITY,FALSE,https://docs.google.com/spreadsheets/d/1sTVYWtk7_kFVCF6xnwiB8hri7INsDrJ_rXDMHZ9Aq6k/edit?gid=1522257232#gid=1522257232
Plateau,9.067076,8.900775,Borehole,Hand pump,4.6,7.97,0.23,0.2,Low,WATERSCARCITY,FALSE,https://docs.google.com/spreadsheets/d/1dUbJk1l_b2E1alj5o0IUgL2-rCZdHRR1gpm8Nb0gxeE/edit?gid=906333172#gid=906333172
Plateau,9.74996,8.997555,Borehole,Hand pump,14.7,6.35,0.95,0.2,Moderate,WATERCONTAMINATION,FALSE,https://docs.google.com/spreadsheets/d/1dUbJk1l_b2E1alj5o0IUgL2-rCZdHRR1gpm8Nb0gxeE/edit?gid=906333172#gid=906333172
Plateau,9.209906,8.263057,Borehole,Motorized,13.7,6.35,0.24,0.12,High,GROUNDWATER POTENTIAL,TRUE,https://docs.google.com/spreadsheets/d/1vqPeXprYvJkDBi6zMnHeXdWrTTyxptriA1tI2RWo3bs/edit?usp=drive_web&ouid=115760380907630335615
Plateau,9.898054,9.371618,Borehole,Hand pump,14.2,7.01,0.63,0.54,High,WATERCONTAMINATION,TRUE,https://docs.google.com/spreadsheets/d/1uEE1o-fCbFwEOVyn5lkaEopEiGkKjlw4EEsnXHVdgwE/edit?usp=drive_web&ouid=115760380907630335615
Plateau,9.20514,8.628156,Borehole,Motorized,14.9,7.38,0.77,0.5,Low,GOODWATER,FALSE,https://docs.google.com/spreadsheets/d/1Q94yUb3k6jCoiHzHj1kIaW_i3QK7oPaQNxb155xiO3A/edit?usp=drive_web&ouid=115760380907630335615
Plateau,9.190688,8.574708,Borehole,Motorized,5.9,7.99,0.9,0.38,High,WATERSCARCITY,FALSE,https://docs.google.com/spreadsheets/d/18Gitr7nM0xeiG5uLb4s7rsWb4dGVQI5W8ap3QZmKi3c/edit?usp=drive_web&ouid=115760380907630335615
Plateau,9.03655,8.778377,Borehole,Motorized,8.4,7.8,0.77,0.61,Low,WATERSCARCITY,FALSE,https://docs.google.com/spreadsheets/d/1dmrUzsTEh_tTK6qXrM9mP2fUEPfvTRyPjW7IGXyb-vw/edit?usp=drive_web&ouid=115760380907630335615
Plateau,9.472067,8.070449,Borehole,Hand pump,12.3,7.28,0.84,0.58,Low,GOODWATER,TRUE,https://docs.google.com/spreadsheets/d/19c2wcjFkpaoiwbyH6WjGxeuEfiE_9ux01360llQWM7U/edit?usp=drive_web&ouid=115760380907630335615
Plateau,9.564841,8.249425,Borehole,Hand pump,11.7,6.9,0.47,0.45,Low,WATERCONTAMINATION,TRUE,https://docs.google.com/spreadsheets/d/1oLJr3F9rqBd_gvtlcJFqNC0iWBjTX9buDMmTkl6kySc/edit?usp=drive_web&ouid=115760380907630335615
Plateau,9.065709,9.10705,Borehole,Motorized,5.7,8.49,0.85,0.62,Low,GROUNDWATER POTENTIAL,FALSE,https://docs.google.com/spreadsheets/d/1CDPZtP-yDe446v91ib4KMXRniI5n8FmhVwlUHIF7m1A/edit?usp=drive_web&ouid=115760380907630335615
Plateau,9.775528,8.124198,Borehole,Motorized,13,7.24,0.26,0.22,Low,GROUNDWATER POTENTIAL,TRUE,https://docs.google.com/spreadsheets/d/1-08Az-xGvVKquXDhFglvvsbULrF74nJxxEP2SPqJFWk/edit
Plateau,9.453289,8.904728,Borehole,Hand pump,6.5,7.29,0.92,0.17,High,GOODWATER,TRUE,https://docs.google.com/spreadsheets/d/1erzaRwZ6ZEOQCutuGeEYL7pvVtqo5OkMpJMsjj3YRlI/edit?usp=drive_web&ouid=115760380907630335615
Plateau,9.52439,8.368024,Borehole,Motorized,6.5,6.66,0.64,0.26,Moderate,GROUNDWATER POTENTIAL,FALSE,https://docs.google.com/spreadsheets/d/1FxMUdTunnMswZHuxlyFy-nEb8exsc1gchD2SZUr4jWw/edit
Plateau,9.440763,8.583943,Borehole,Motorized,9.9,8.05,0.85,0.13,Moderate,WATERCONTAMINATION,TRUE,https://docs.google.com/spreadsheets/d/1k2zV5zNhT9ncMhLtg-eB4e3dcYWorlOAW1eFYcL3MYA/edit
Plateau,9.400763,8.433041,Borehole,Hand pump,10.5,7.83,0.56,0.42,High,WATERCONTAMINATION,TRUE,https://docs.google.com/spreadsheets/d/1QLbg1nV7iB2dApwaJSpk4pmWdgHK0S8SJrhmbjDbnPY/edit?usp=drive_web&ouid=115760380907630335615
Plateau,9.55964,8.533509,Borehole,Motorized,10.4,6.79,0.71,0.66,High,GOODWATER,FALSE,https://docs.google.com/spreadsheets/d/1yP-0YoNzBmv_Cv1zIhmchSa-QVePq5DjB5H3OA5J8tc/edit?usp=drive_web&ouid=115760380907630335615
Plateau,9.15524,9.078569,Borehole,Hand pump,5,6.48,0.62,0.12,Moderate,WATERCONTAMINATION,TRUE,https://docs.google.com/spreadsheets/d/1qlx6usDXouzB_cb-LXxA6O8tlzlII6m37n5DwEVCSmA/edit?usp=drive_web&ouid=115760380907630335615
Plateau,9.181928,8.445683,Borehole,Motorized,13.7,7.8,0.79,0.17,Moderate,WATERSCARCITY,TRUE,https://docs.google.com/spreadsheets/d/1yvEn40cW0fl3kKk3gCoUNPuJ_gmtIUnaTAtvmMifnN0/edit?usp=drive_web&ouid=115760380907630335615
Plateau,9.861786,8.849607,Borehole,Hand pump,6.9,7.74,0.27,0.37,Moderate,GOODWATER,FALSE,https://docs.google.com/spreadsheets/d/1ZB0RY5Ymydq7S4LGk2SGIQmmi5gYv0urCyEnTH8nprY/edit?usp=drive_web&ouid=115760380907630335615
Plateau,9.946115,8.714076,Borehole,Motorized,5.4,6.9,0.25,0.66,Moderate,WATERCONTAMINATION,TRUE,https://docs.google.com/spreadsheets/d/1fdQB9xdm3XI_9G030qJXnF8xywIc-VA8CLNCSRWsNxY/edit?usp=drive_web&ouid=115760380907630335615
Plateau,9.373309,8.995507,Borehole,Motorized,13.8,8.39,0.4,0.29,Moderate,GOODWATER,TRUE,https://docs.google.com/spreadsheets/d/1l08AmglGX8t1GPktLF5xKNt_YmUR7MgLMASKwlvfgFY/edit?usp=drive_web&ouid=115760380907630335615
Plateau,9.270745,9.405245,Borehole,Hand pump,14.5,6.63,0.33,0.4,Low,GROUNDWATER POTENTIAL,FALSE,https://docs.google.com/spreadsheets/d/18VK6rX0VoQZNL9qSv9SzORUXG5EjuYOA8Vu6ptPDjiQ/edit?usp=drive_web&ouid=115760380907630335615
Plateau,9.644,9.098858,Borehole,Motorized,13.5,7.25,0.9,0.12,High,WATERCONTAMINATION,FALSE,https://docs.google.com/spreadsheets/d/1foV7T0z2L8uAfaCn9x-RL-DPoVGgQPTojjCAk0gz5fw/edit?usp=drive_web&ouid=115760380907630335615
Plateau,9.408734,8.322411,Borehole,Hand pump,12.9,8.38,0.38,0.19,Low,WATERSCARCITY,FALSE,https://docs.google.com/spreadsheets/d/1umuD0ZmuYB9f89GZic3zZt4wJFqMo8gbbg-s2i6uEOo/edit?usp=drive_web&ouid=115760380907630335615
Plateau,9.025386,8.046775,Borehole,Motorized,11.2,7.22,0.98,0.69,Moderate,WATERCONTAMINATION,TRUE,https://docs.google.com/spreadsheets/d/1bnpfINqOMxADDwKRTZg1vtX6ugSz6dlrg2WQGTKrDhA/edit?usp=drive_web&ouid=115760380907630335615
Plateau,9.156153,8.393396,Borehole,Hand pump,10.1,7.7,0.47,0.68,Moderate,GOODWATER,FALSE,https://docs.google.com/spreadsheets/d/1tEMPexlibgTEhs0EkHDPonVPdwWHhx2oS1wPSuR_8z4/edit?usp=drive_web&ouid=115760380907630335615
Plateau,9.715972,8.892617,Borehole,Hand pump,5,7.17,0.35,0.1,Moderate,GOODWATER,TRUE,https://docs.google.com/spreadsheets/d/1OGHI-2IIYox_7n7inY9bjQPfhFNBBuj0zCBVVY-uQ6U/edit?usp=drive_web&ouid=115760380907630335615
Plateau,9.658924,8.077139,Borehole,Hand pump,8.5,6.9,0.83,0.67,Low,WATERCONTAMINATION,FALSE,https://docs.google.com/spreadsheets/d/1ps7iPCAKnxjyb2w2k2EktCVWeDtIKPOjolMCRJw10ME/edit?usp=drive_web&ouid=115760380907630335615
Plateau,9.027096,8.744549,Borehole,Hand pump,8.1,8.46,0.73,0.48,Low,WATERSCARCITY,TRUE,https://docs.google.com/spreadsheets/d/1Xil3SYlUBEHOBpjWzxO3T-KBn-abWcOtMwlkO79Moj4/edit?usp=drive_web&ouid=115760380907630335615
Plateau,9.221972,8.895264,Borehole,Motorized,6.9,7.2,0.6,0.62,Moderate,WATERSCARCITY,FALSE,https://docs.google.com/spreadsheets/d/19-40gG4I1NXvmnDyTNq93SBENTDwP9Y1Y4X_EAcv6D4/edit?usp=drive_web&ouid=115760380907630335615
Plateau,9.231075,8.501366,Borehole,Motorized,12,8.27,0.64,0.37,Low,WATERSCARCITY,FALSE,https://docs.google.com/spreadsheets/d/1RZFcEAOyn-pA-JEpp_ClvttgbOn2Mr7rQ7dvny_y-mY/edit?usp=drive_web&ouid=115760380907630335615
Plateau,9.671893,9.156368,Borehole,Hand pump,9.5,6.81,0.78,0.41,Low,GOODWATER,FALSE,https://docs.google.com/spreadsheets/d/1QjLEQ-fHNDn0UbKlO-eYTi-BX8D1GAOi7gcFg9xF0nE/edit
Plateau,9.019711,8.159897,Borehole,Hand pump,4.9,6.77,0.38,0.39,Moderate,WATERCONTAMINATION,FALSE,https://docs.google.com/spreadsheets/d/1qUkS3fRhqAW_Hq5PvLpMUEK3xY5Q-VLjnW8E5TIKwaY/edit
Plateau,9.104109,8.112707,Borehole,Hand pump,6.4,6.37,1,0.5,Low,GROUNDWATER POTENTIAL,TRUE,https://docs.google.com/spreadsheets/d/13EEQXfli8gq9asWpFeZnMo4dVti2vPwRn_j1jB4u7fw/edit
Plateau,9.799916,9.092283,Borehole,Motorized,11.5,7.73,0.98,0.18,High,GOODWATER,FALSE,https://docs.google.com/spreadsheets/d/17qF5GAe2lZ_MWtjBxBl35NsjidQRTMY7PPpBGjQwCoc/edit
Plateau,9.178545,8.743237,Borehole,Motorized,4.8,7.11,0.72,0.12,High,WATERSCARCITY,FALSE,https://docs.google.com/spreadsheets/d/1dN8lLnBSFjZILyeAFn47wLCWC1lmuXq5jVe_7DdPx0E/edit
Plateau,9.652746,9.032604,Borehole,Motorized,13.4,8.2,0.36,0.28,High,WATERCONTAMINATION,TRUE,https://docs.google.com/spreadsheets/d/1aPzsRqZv8tcb1F_cPHUU52HKUqxkFXXyp-KRZhsyVHw/edit?usp=drive_web&ouid=115760380907630335615
Plateau,9.238183,8.652241,Borehole,Motorized,9.4,7.34,0.74,0.52,High,WATERSCARCITY,FALSE,https://docs.google.com/spreadsheets/d/1RCKM7Y4U5qYm2S_oFQg2XUhaaA54ZpwuBqCeEiWeGGU/edit?usp=drive_web&ouid=115760380907630335615
Plateau,9.099441,8.369603,Borehole,Hand pump,9.3,8.43,0.26,0.22,Moderate,GROUNDWATER POTENTIAL,TRUE,https://docs.google.com/spreadsheets/d/1wX5LnXXKYrQbkoO6prHCOKrj_G8XkZfRh27pAobP-e8/edit?usp=drive_web&ouid=115760380907630335615
Plateau,9.243172,9.228653,Borehole,Hand pump,10.5,6.71,0.22,0.5,Moderate,WATERSCARCITY,FALSE,https://docs.google.com/spreadsheets/d/1cEca7pSTXlZGbxjtCNyCipOQpb-vglpfbXuW8SRgEFg/edit?usp=drive_web&ouid=115760380907630335615
Plateau,9.722267,9.199124,Borehole,Hand pump,13.1,8.21,0.41,0.68,Moderate,WATERSCARCITY,FALSE,https://docs.google.com/spreadsheets/d/1q89HoeceuBQ3U_qtGaJuXbQ1BXj6weqAgG2T8eD3qg0/edit?usp=drive_web&ouid=115760380907630335615
Plateau,9.855696,9.042045,Borehole,Motorized,7.8,8.01,0.57,0.16,High,GROUNDWATER POTENTIAL,FALSE,https://docs.google.com/spreadsheets/d/1xkpd98E_ZGyM-Z5D6Ps9XMp-sw3l5V4PnaW4JPw0Ydg/edit?usp=drive_web&ouid=115760380907630335615
Plateau,9.83022,8.408218,Borehole,Motorized,11.5,8,0.89,0.5,High,WATERCONTAMINATION,TRUE,https://docs.google.com/spreadsheets/d/1jNDDVr5jOYGQXWvSl0AVbqrZeQZrloToW-P6C_GXKjk/edit
Plateau,9.397184,8.885346,Borehole,Motorized,10.2,8.16,0.78,0.37,Low,GOODWATER,FALSE,https://docs.google.com/spreadsheets/d/12qqJtOhpGDwpo0O0ylPmR6T6WX9ofwCz_siFq2uxu38/edit?usp=drive_web&ouid=115760380907630335615
Plateau,9.668085,8.541461,Borehole,Hand pump,6.9,7.97,0.79,0.62,Low,WATERCONTAMINATION,FALSE,https://docs.google.com/spreadsheets/d/1Riuja5tPT4VHEa0h5KlgdXa4_duzXg-nLRcQdp0Il-w/edit?usp=drive_web&ouid=115760380907630335615
Plateau,9.204984,8.137373,Borehole,Hand pump,13.7,7.68,0.54,0.21,High,GROUNDWATER POTENTIAL,FALSE,https://docs.google.com/spreadsheets/d/1oZqsGWFrsTEGuNtSzPZO0VUw1ir1nIJYA7cC-7Jx_lg/edit
Plateau,9.293148,9.37597,Borehole,Motorized,12.8,6.59,0.48,0.52,High,WATERSCARCITY,TRUE,https://docs.google.com/spreadsheets/d/1RKXfke5BtPoMlkdJ4dA52hM7tiI3E8DR0d4jsZYVeWQ/edit
Plateau,9.896336,8.205228,Borehole,Hand pump,11.2,6.37,0.5,0.6,High,WATERCONTAMINATION,TRUE,https://docs.google.com/spreadsheets/d/1sQoQ30fh9tFodpDSTJmDAZ5yv2FIvdBa44-2lgwZQHg/edit
Plateau,9.013002,9.425356,Borehole,Motorized,13.4,8.33,0.99,0.67,High,GOODWATER,FALSE,https://docs.google.com/spreadsheets/d/1r-Syg1n1_xANeH1PlGLOipsiQ3WGeJcJ7HGvHeyF2VQ/edit
Plateau,9.085509,8.669009,Borehole,Motorized,13.5,7.66,0.23,0.51,Low,GROUNDWATER POTENTIAL,TRUE,https://docs.google.com/spreadsheets/d/1CBTRei1xLiXD6oMDdQNs_SIzTPIJTJeKvjkrnQzgyIw/edit?gid=711047242#gid=711047242
Plateau,9.207886,8.277699,Borehole,Hand pump,11.8,8.05,0.89,0.4,High,WATERCONTAMINATION,FALSE,https://docs.google.com/spreadsheets/d/1WG6rhKh5XDmRI4rbSUKg9oimPgXS0o7eHGYUAJ9DPCg/edit?gid=2062361253#gid=2062361253
Plateau,9.026532,8.812851,Borehole,Motorized,13.2,7.36,0.66,0.47,Low,GOODWATER,FALSE,https://docs.google.com/spreadsheets/d/14U6Q4LMFSEZCHQbpk2MRnsYONf5Imo7ipZUeD2ACU0I/edit?gid=993697733#gid=993697733
Plateau,9.181435,9.309419,Borehole,Hand pump,11.7,6.56,0.55,0.62,High,GROUNDWATER POTENTIAL,FALSE,https://docs.google.com/spreadsheets/d/1CvYrsC4jpica_ZOiXFYeOezTs3d9Xw4_G59l9QCF0N8/edit?gid=568397177#gid=568397177
Plateau,9.583042,9.098337,Borehole,Motorized,11.5,6.58,0.78,0.44,High,GOODWATER,FALSE,https://docs.google.com/spreadsheets/d/1rRGmnwqI0jpCInu2ZLz_f22RrbXRNNdFYM-U30KMh-8/edit?gid=936096180#gid=936096180
Plateau,9.421425,9.209842,Borehole,Hand pump,10.8,7.81,0.59,0.12,High,GROUNDWATER POTENTIAL,FALSE,https://docs.google.com/spreadsheets/d/1MbsANvsoBnr94XiqRhJRaPoqdgJZRF0TntGYEphpiU8/edit?gid=2129956119#gid=2129956119
Plateau,9.892672,8.988175,Borehole,Hand pump,12.3,7.25,0.9,0.66,Low,WATERSCARCITY,FALSE,https://docs.google.com/spreadsheets/d/1Mfo-aktziVa8V6VeJv18h_s3NE12gRYsjlf6pcNuigs/edit
Plateau,9.817444,9.038415,Borehole,Hand pump,5.7,6.74,0.92,0.51,Low,WATERCONTAMINATION,FALSE,https://docs.google.com/spreadsheets/d/1zmzQpnxC68lteVyJVdVApRgazzD876mrLG5od5L4wsQ/edit?gid=380046971#gid=380046971
Plateau,9.341817,9.273793,Borehole,Motorized,13.7,7.38,0.54,0.51,Moderate,GOODWATER,TRUE,https://docs.google.com/spreadsheets/d/18P08ycacTWLIviK9ff6G0WBJXelCMVUeekbWQBTGZiM/edit?gid=769329478#gid=769329478
Plateau,9.259423,8.374502,Borehole,Motorized,13.6,6.44,0.42,0.23,High,GROUNDWATER POTENTIAL,TRUE,https://docs.google.com/spreadsheets/d/15l1GLdgCqq4Lgdg-scNplgUzsiX5CA8YpGSSGzifKIA/edit?gid=2089066401#gid=2089066401
Plateau,9.379692,8.734137,Borehole,Hand pump,4.3,7.58,0.67,0.5,Moderate,GOODWATER,TRUE,https://docs.google.com/spreadsheets/d/18KIkrASNW0i5ZQk2Lt0wQuWEPU31SNZ1kCLK0kQ6Auk/edit
Plateau,9.590295,8.331814,Borehole,Hand pump,13.1,6.89,0.93,0.34,Moderate,GOODWATER,TRUE,https://docs.google.com/spreadsheets/d/1cIDuuVQgkbj3e5iGQNolTeZInJxwZEKQAHRbb0Mj9jA/edit?gid=283224139#gid=283224139
Plateau,9.268064,9.481502,Borehole,Motorized,5.4,8.05,0.37,0.49,Low,WATERCONTAMINATION,TRUE,https://docs.google.com/spreadsheets/d/1SlZvwDQ3Yn92zJwJTzy9lN1m_thHWtxtLILl0hL4LF4/edit?gid=2002602476#gid=2002602476
Plateau,9.624149,9.416089,Borehole,Motorized,7.7,6.98,0.7,0.16,Low,WATERSCARCITY,TRUE,https://docs.google.com/spreadsheets/d/1mLUgIkAbpunS6crLtHI4-TGbygrM8eyZlVgIIfrLzao/edit?gid=1592812390#gid=1592812390
Plateau,9.409412,8.05914,Borehole,Motorized,12.2,7.3,0.71,0.49,Moderate,GOODWATER,TRUE,https://docs.google.com/spreadsheets/d/1Q6g1tqsa0miV3JgeqRI9teUrxGGRrgdE9I7WTm77Ahs/edit?gid=140366053#gid=140366053
Plateau,9.552047,9.058363,Borehole,Hand pump,5.8,6.33,0.79,0.7,High,GROUNDWATER POTENTIAL,FALSE,https://docs.google.com/spreadsheets/d/16vqaa-WznGOQGBAhbmfnRoO_DuTZ80eFX9MApLqyBwo/edit?gid=1731064594#gid=1731064594